timestamp,wind_speed,temperature,power_pred,turbine_id,forecast_made_on
2026-01-31 00:00:00,15.0,-4.1,0.9720963083187492,T1,2026-01-31
2026-01-31 01:00:00,16.0,-4.3,0.9724346665082237,T1,2026-01-31
2026-01-31 02:00:00,17.3,-3.9,0.9738948607247179,T1,2026-01-31
2026-01-31 03:00:00,18.0,-2.9,0.9753597352349692,T1,2026-01-31
2026-01-31 04:00:00,18.6,0.3,0.96954141144277,T1,2026-01-31
2026-01-31 05:00:00,20.6,3.0,0.9748334487773469,T1,2026-01-31
2026-01-31 06:00:00,23.6,4.7,0.9744825034818959,T1,2026-01-31
2026-01-31 07:00:00,25.5,5.9,0.9760022645338984,T1,2026-01-31
2026-01-31 08:00:00,24.3,6.7,0.9767597981550861,T1,2026-01-31
2026-01-31 09:00:00,21.7,6.6,0.9815191155133088,T1,2026-01-31
2026-01-31 10:00:00,19.2,5.8,0.9738190031030229,T1,2026-01-31
2026-01-31 11:00:00,17.2,3.7,0.9726041068850385,T1,2026-01-31
2026-01-31 12:00:00,12.4,1.9,0.9772845543183311,T1,2026-01-31
2026-01-31 13:00:00,11.5,0.9,0.9748639972491119,T1,2026-01-31
2026-01-31 14:00:00,8.7,0.4,0.6457299954014031,T1,2026-01-31
2026-01-31 15:00:00,5.7,0.2,0.14714792335135402,T1,2026-01-31
2026-01-31 16:00:00,3.0,0.3,0.007800626296067981,T1,2026-01-31
2026-01-31 17:00:00,1.7,0.9,0.005279284020876629,T1,2026-01-31
2026-01-31 18:00:00,3.8,-0.5,0.027714391968005625,T1,2026-01-31
2026-01-31 19:00:00,3.6,-1.6,0.022990939706700464,T1,2026-01-31
2026-01-31 20:00:00,0.5,-1.4,0.010947449570796297,T1,2026-01-31
2026-01-31 21:00:00,1.1,-1.8,0.011212638030032751,T1,2026-01-31
2026-01-31 22:00:00,1.7,-1.9,0.010551560373074698,T1,2026-01-31
2026-01-31 23:00:00,1.2,-1.6,0.010545917080717782,T1,2026-01-31
2026-02-01 00:00:00,1.0,-3.2,0.009508259307539846,T1,2026-01-31
2026-02-01 01:00:00,2.0,-3.6,0.011202963235838803,T1,2026-01-31
2026-02-01 02:00:00,4.7,-3.8,0.05192014572641951,T1,2026-01-31
2026-02-01 03:00:00,8.2,-2.0,0.5383480006952188,T1,2026-01-31
2026-02-01 04:00:00,10.0,0.1,0.8594188798133808,T1,2026-01-31
2026-02-01 05:00:00,9.5,1.9,0.7736629268623494,T1,2026-01-31
2026-02-01 06:00:00,8.8,3.5,0.6722453606290153,T1,2026-01-31
2026-02-01 07:00:00,11.7,5.5,0.9856542533285272,T1,2026-01-31
2026-02-01 08:00:00,13.0,6.3,0.995557627842477,T1,2026-01-31
2026-02-01 09:00:00,12.9,6.3,0.995352020914317,T1,2026-01-31
2026-02-01 10:00:00,12.0,5.6,0.9876627577025832,T1,2026-01-31
2026-02-01 11:00:00,9.6,3.6,0.7811437657986537,T1,2026-01-31
2026-02-01 12:00:00,7.1,0.9,0.35994114164958485,T1,2026-01-31
2026-02-01 13:00:00,6.8,0.9,0.31290169799271245,T1,2026-01-31
2026-02-01 14:00:00,8.1,0.9,0.5359757721284713,T1,2026-01-31
2026-02-01 15:00:00,8.0,0.5,0.5195218885121238,T1,2026-01-31
2026-02-01 16:00:00,7.7,0.3,0.467435883762906,T1,2026-01-31
2026-02-01 17:00:00,7.8,-0.5,0.48472534907653986,T1,2026-01-31
2026-02-01 18:00:00,8.1,-0.1,0.5353150329373848,T1,2026-01-31
2026-02-01 19:00:00,8.5,-0.5,0.6226452678486041,T1,2026-01-31
2026-02-01 20:00:00,9.4,-1.0,0.749717160394352,T1,2026-01-31
2026-02-01 21:00:00,8.4,-1.5,0.5900441659413632,T1,2026-01-31
2026-02-01 22:00:00,9.9,-1.7,0.8184840458196538,T1,2026-01-31
2026-02-01 23:00:00,11.2,-1.9,0.9728299072328846,T1,2026-01-31
2026-02-02 00:00:00,11.7,-2.0,0.9817708584741025,T1,2026-01-31
2026-02-02 01:00:00,10.8,-2.7,0.9395993636532121,T1,2026-01-31
2026-02-02 02:00:00,10.6,-3.1,0.9123389736526414,T1,2026-01-31
2026-02-02 03:00:00,13.9,-1.8,0.993516887040125,T1,2026-01-31
2026-02-02 04:00:00,15.3,1.6,0.9949893260711479,T1,2026-01-31
2026-02-02 05:00:00,17.8,4.2,0.9938353864192331,T1,2026-01-31
2026-02-02 06:00:00,22.3,6.0,0.9963907751838929,T1,2026-01-31
2026-02-02 07:00:00,23.6,6.9,0.9985611469717292,T1,2026-01-31
2026-02-02 08:00:00,24.3,7.6,1.0016156974964212,T1,2026-01-31
2026-02-02 09:00:00,23.2,7.9,1.0017967273875414,T1,2026-01-31
2026-02-02 10:00:00,18.7,7.1,1.0019980455405118,T1,2026-01-31
2026-02-02 11:00:00,14.0,5.3,0.9910063749616068,T1,2026-01-31
2026-02-02 12:00:00,0.5,2.0,0.004259527616564174,T1,2026-01-31
2026-02-02 13:00:00,3.8,0.6,0.031070604588913364,T1,2026-01-31
2026-02-02 14:00:00,4.3,0.2,0.053015668993927956,T1,2026-01-31
2026-02-02 15:00:00,8.3,0.8,0.5802942917500857,T1,2026-01-31
2026-02-02 16:00:00,7.9,0.7,0.5064736411056212,T1,2026-01-31
2026-02-02 17:00:00,6.5,-0.1,0.26084015936236604,T1,2026-01-31
2026-02-02 18:00:00,7.3,-0.2,0.4094997085982284,T1,2026-01-31
2026-02-02 19:00:00,8.6,-1.2,0.6376698780243412,T1,2026-01-31
2026-02-02 20:00:00,9.5,-1.3,0.7742117523484416,T1,2026-01-31
2026-02-02 21:00:00,11.3,-1.7,0.9792341877257247,T1,2026-01-31
2026-02-02 22:00:00,12.1,-1.6,0.9895742659265103,T1,2026-01-31
2026-02-02 23:00:00,12.4,-1.7,0.9878566613050677,T1,2026-01-31
2026-01-31 00:00:00,15.0,-4.1,0.9836524180996634,T2,2026-01-31
2026-01-31 01:00:00,16.0,-4.3,0.9773733728038444,T2,2026-01-31
2026-01-31 02:00:00,17.3,-3.9,0.9762079920467712,T2,2026-01-31
2026-01-31 03:00:00,18.0,-2.9,0.97268203023181,T2,2026-01-31
2026-01-31 04:00:00,18.6,0.3,0.9930986638277705,T2,2026-01-31
2026-01-31 05:00:00,20.6,3.0,0.9921766126161896,T2,2026-01-31
2026-01-31 06:00:00,23.6,4.7,0.9919896747235931,T2,2026-01-31
2026-01-31 07:00:00,25.5,5.9,0.9905722948199676,T2,2026-01-31
2026-01-31 08:00:00,24.3,6.7,0.9917472614220223,T2,2026-01-31
2026-01-31 09:00:00,21.7,6.6,0.9914122525813329,T2,2026-01-31
2026-01-31 10:00:00,19.2,5.8,0.994798338609843,T2,2026-01-31
2026-01-31 11:00:00,17.2,3.7,0.9870611625817136,T2,2026-01-31
2026-01-31 12:00:00,12.4,1.9,0.9764007670410162,T2,2026-01-31
2026-01-31 13:00:00,11.5,0.9,0.9628931016149519,T2,2026-01-31
2026-01-31 14:00:00,8.7,0.4,0.6143790830922979,T2,2026-01-31
2026-01-31 15:00:00,5.7,0.2,0.13591447183327107,T2,2026-01-31
2026-01-31 16:00:00,3.0,0.3,0.010356098735203267,T2,2026-01-31
2026-01-31 17:00:00,1.7,0.9,0.009762227810898305,T2,2026-01-31
2026-01-31 18:00:00,3.8,-0.5,0.029341301949127763,T2,2026-01-31
2026-01-31 19:00:00,3.6,-1.6,0.02197695418083573,T2,2026-01-31
2026-01-31 20:00:00,0.5,-1.4,0.009195881105192316,T2,2026-01-31
2026-01-31 21:00:00,1.1,-1.8,0.01120377110133397,T2,2026-01-31
2026-01-31 22:00:00,1.7,-1.9,0.011236582639150006,T2,2026-01-31
2026-01-31 23:00:00,1.2,-1.6,0.011065294174763873,T2,2026-01-31
2026-02-01 00:00:00,1.0,-3.2,0.00843304021254071,T2,2026-01-31
2026-02-01 01:00:00,2.0,-3.6,0.01092331330195273,T2,2026-01-31
2026-02-01 02:00:00,4.7,-3.8,0.05639805106717838,T2,2026-01-31
2026-02-01 03:00:00,8.2,-2.0,0.49380116368178206,T2,2026-01-31
2026-02-01 04:00:00,10.0,0.1,0.8174971143148412,T2,2026-01-31
2026-02-01 05:00:00,9.5,1.9,0.7397847857617911,T2,2026-01-31
2026-02-01 06:00:00,8.8,3.5,0.6324269847550154,T2,2026-01-31
2026-02-01 07:00:00,11.7,5.5,0.9714572158840689,T2,2026-01-31
2026-02-01 08:00:00,13.0,6.3,0.9840052842868356,T2,2026-01-31
2026-02-01 09:00:00,12.9,6.3,0.9819080463514358,T2,2026-01-31
2026-02-01 10:00:00,12.0,5.6,0.9755064466652291,T2,2026-01-31
2026-02-01 11:00:00,9.6,3.6,0.7296265040513077,T2,2026-01-31
2026-02-01 12:00:00,7.1,0.9,0.3282009541393913,T2,2026-01-31
2026-02-01 13:00:00,6.8,0.9,0.2735491369451399,T2,2026-01-31
2026-02-01 14:00:00,8.1,0.9,0.487430425844009,T2,2026-01-31
2026-02-01 15:00:00,8.0,0.5,0.4838540893964881,T2,2026-01-31
2026-02-01 16:00:00,7.7,0.3,0.42615674638117107,T2,2026-01-31
2026-02-01 17:00:00,7.8,-0.5,0.44208368461689784,T2,2026-01-31
2026-02-01 18:00:00,8.1,-0.1,0.4966318444270273,T2,2026-01-31
2026-02-01 19:00:00,8.5,-0.5,0.570970951019049,T2,2026-01-31
2026-02-01 20:00:00,9.4,-1.0,0.6798904114947066,T2,2026-01-31
2026-02-01 21:00:00,8.4,-1.5,0.5402922634853201,T2,2026-01-31
2026-02-01 22:00:00,9.9,-1.7,0.7696981471901254,T2,2026-01-31
2026-02-01 23:00:00,11.2,-1.9,0.9323406497304441,T2,2026-01-31
2026-02-02 00:00:00,11.7,-2.0,0.9320714112900992,T2,2026-01-31
2026-02-02 01:00:00,10.8,-2.7,0.8664207135020007,T2,2026-01-31
2026-02-02 02:00:00,10.6,-3.1,0.875374174178135,T2,2026-01-31
2026-02-02 03:00:00,13.9,-1.8,0.9472710449064509,T2,2026-01-31
2026-02-02 04:00:00,15.3,1.6,0.9041448601640971,T2,2026-01-31
2026-02-02 05:00:00,17.8,4.2,0.89737133419747,T2,2026-01-31
2026-02-02 06:00:00,22.3,6.0,0.8892962823240239,T2,2026-01-31
2026-02-02 07:00:00,23.6,6.9,0.907616856143228,T2,2026-01-31
2026-02-02 08:00:00,24.3,7.6,0.9054076834303011,T2,2026-01-31
2026-02-02 09:00:00,23.2,7.9,0.9057946203374352,T2,2026-01-31
2026-02-02 10:00:00,18.7,7.1,0.8886322392333121,T2,2026-01-31
2026-02-02 11:00:00,14.0,5.3,0.895583030630914,T2,2026-01-31
2026-02-02 12:00:00,0.5,2.0,0.0009626185796332565,T2,2026-01-31
2026-02-02 13:00:00,3.8,0.6,0.019551696892558312,T2,2026-01-31
2026-02-02 14:00:00,4.3,0.2,0.03586613007692374,T2,2026-01-31
2026-02-02 15:00:00,8.3,0.8,0.49591218051272956,T2,2026-01-31
2026-02-02 16:00:00,7.9,0.7,0.42447186609498644,T2,2026-01-31
2026-02-02 17:00:00,6.5,-0.1,0.2364283482139594,T2,2026-01-31
2026-02-02 18:00:00,7.3,-0.2,0.35125818822149646,T2,2026-01-31
2026-02-02 19:00:00,8.6,-1.2,0.5703915447914902,T2,2026-01-31
2026-02-02 20:00:00,9.5,-1.3,0.7272225308777673,T2,2026-01-31
2026-02-02 21:00:00,11.3,-1.7,0.959322215813843,T2,2026-01-31
2026-02-02 22:00:00,12.1,-1.6,0.9772866827205716,T2,2026-01-31
2026-02-02 23:00:00,12.4,-1.7,0.9744695385973859,T2,2026-01-31
2026-02-01 00:00:00,1.0,-3.2,0.009508259307539846,T1,2026-02-01
2026-02-01 01:00:00,2.0,-3.6,0.011202963235838803,T1,2026-02-01
2026-02-01 02:00:00,4.7,-3.8,0.05192014572641951,T1,2026-02-01
2026-02-01 03:00:00,8.2,-2.0,0.5383480006952188,T1,2026-02-01
2026-02-01 04:00:00,10.0,0.1,0.8594188798133808,T1,2026-02-01
2026-02-01 05:00:00,9.5,1.9,0.7736629268623494,T1,2026-02-01
2026-02-01 06:00:00,8.8,3.5,0.6722453606290153,T1,2026-02-01
2026-02-01 07:00:00,11.7,5.5,0.9856542533285272,T1,2026-02-01
2026-02-01 08:00:00,13.0,6.3,0.995557627842477,T1,2026-02-01
2026-02-01 09:00:00,12.9,6.3,0.995352020914317,T1,2026-02-01
2026-02-01 10:00:00,12.0,5.6,0.9876627577025832,T1,2026-02-01
2026-02-01 11:00:00,9.6,3.6,0.7811437657986537,T1,2026-02-01
2026-02-01 12:00:00,7.1,0.9,0.35994114164958485,T1,2026-02-01
2026-02-01 13:00:00,6.8,0.9,0.31290169799271245,T1,2026-02-01
2026-02-01 14:00:00,8.1,0.9,0.5359757721284713,T1,2026-02-01
2026-02-01 15:00:00,8.0,0.5,0.5195218885121238,T1,2026-02-01
2026-02-01 16:00:00,7.7,0.3,0.467435883762906,T1,2026-02-01
2026-02-01 17:00:00,7.8,-0.5,0.48472534907653986,T1,2026-02-01
2026-02-01 18:00:00,8.1,-0.1,0.5353150329373848,T1,2026-02-01
2026-02-01 19:00:00,8.5,-0.5,0.6226452678486041,T1,2026-02-01
2026-02-01 20:00:00,9.4,-1.0,0.749717160394352,T1,2026-02-01
2026-02-01 21:00:00,8.4,-1.5,0.5900441659413632,T1,2026-02-01
2026-02-01 22:00:00,9.9,-1.7,0.8184840458196538,T1,2026-02-01
2026-02-01 23:00:00,11.2,-1.9,0.9728299072328846,T1,2026-02-01
2026-02-02 00:00:00,11.7,-2.0,0.9817708584741025,T1,2026-02-01
2026-02-02 01:00:00,10.8,-2.7,0.9395993636532121,T1,2026-02-01
2026-02-02 02:00:00,10.6,-3.1,0.9123389736526414,T1,2026-02-01
2026-02-02 03:00:00,13.9,-1.8,0.993516887040125,T1,2026-02-01
2026-02-02 04:00:00,15.3,1.6,0.9949893260711479,T1,2026-02-01
2026-02-02 05:00:00,17.8,4.2,0.9938353864192331,T1,2026-02-01
2026-02-02 06:00:00,22.3,6.0,0.9963907751838929,T1,2026-02-01
2026-02-02 07:00:00,23.6,6.9,0.9985611469717292,T1,2026-02-01
2026-02-02 08:00:00,24.3,7.6,1.0016156974964212,T1,2026-02-01
2026-02-02 09:00:00,23.2,7.9,1.0017967273875414,T1,2026-02-01
2026-02-02 10:00:00,18.7,7.1,1.0019980455405118,T1,2026-02-01
2026-02-02 11:00:00,14.0,5.3,0.9910063749616068,T1,2026-02-01
2026-02-02 12:00:00,0.5,2.0,0.004259527616564174,T1,2026-02-01
2026-02-02 13:00:00,3.8,0.6,0.031070604588913364,T1,2026-02-01
2026-02-02 14:00:00,4.3,0.2,0.053015668993927956,T1,2026-02-01
2026-02-02 15:00:00,8.3,0.8,0.5802942917500857,T1,2026-02-01
2026-02-02 16:00:00,7.9,0.7,0.5064736411056212,T1,2026-02-01
2026-02-02 17:00:00,6.5,-0.1,0.26084015936236604,T1,2026-02-01
2026-02-02 18:00:00,7.3,-0.2,0.4094997085982284,T1,2026-02-01
2026-02-02 19:00:00,8.6,-1.2,0.6376698780243412,T1,2026-02-01
2026-02-02 20:00:00,9.5,-1.3,0.7742117523484416,T1,2026-02-01
2026-02-02 21:00:00,11.3,-1.7,0.9792341877257247,T1,2026-02-01
2026-02-02 22:00:00,12.1,-1.6,0.9895742659265103,T1,2026-02-01
2026-02-02 23:00:00,12.4,-1.7,0.9878566613050677,T1,2026-02-01
2026-02-03 00:00:00,14.5,-1.4,1.0004713175652853,T1,2026-02-01
2026-02-03 01:00:00,10.6,-1.9,0.916239392377745,T1,2026-02-01
2026-02-03 02:00:00,6.3,-2.9,0.22664570726004846,T1,2026-02-01
2026-02-03 03:00:00,2.1,-1.3,0.013043106595008624,T1,2026-02-01
2026-02-03 04:00:00,3.4,2.2,0.030673326738064943,T1,2026-02-01
2026-02-03 05:00:00,2.5,4.9,0.016220703629779898,T1,2026-02-01
2026-02-03 06:00:00,7.3,6.1,0.43076621935608095,T1,2026-02-01
2026-02-03 07:00:00,9.4,7.4,0.7478811409662981,T1,2026-02-01
2026-02-03 08:00:00,10.5,8.4,0.9019327447465949,T1,2026-02-01
2026-02-03 09:00:00,9.2,8.6,0.7233593208712623,T1,2026-02-01
2026-02-03 10:00:00,5.8,7.2,0.17161715309549097,T1,2026-02-01
2026-02-03 11:00:00,6.0,4.9,0.2063153962747491,T1,2026-02-01
2026-02-03 12:00:00,6.6,2.2,0.2829209258796626,T1,2026-02-01
2026-02-03 13:00:00,7.9,1.1,0.5082265335641439,T1,2026-02-01
2026-02-03 14:00:00,7.4,2.8,0.42912207158414556,T1,2026-02-01
2026-02-03 15:00:00,8.1,1.9,0.544106970719177,T1,2026-02-01
2026-02-03 16:00:00,14.0,2.1,0.9958508131117408,T1,2026-02-01
2026-02-03 17:00:00,14.7,2.8,0.985667802754648,T1,2026-02-01
2026-02-03 18:00:00,7.4,2.7,0.4312695979762984,T1,2026-02-01
2026-02-03 19:00:00,7.7,2.7,0.4870661850555594,T1,2026-02-01
2026-02-03 20:00:00,11.1,3.0,0.9780938605011732,T1,2026-02-01
2026-02-03 21:00:00,9.2,2.7,0.7314469488150657,T1,2026-02-01
2026-02-03 22:00:00,5.7,2.1,0.1647220282688711,T1,2026-02-01
2026-02-03 23:00:00,7.5,2.0,0.45085875058293,T1,2026-02-01
2026-02-01 00:00:00,1.0,-3.2,0.00843304021254071,T2,2026-02-01
2026-02-01 01:00:00,2.0,-3.6,0.01092331330195273,T2,2026-02-01
2026-02-01 02:00:00,4.7,-3.8,0.05639805106717838,T2,2026-02-01
2026-02-01 03:00:00,8.2,-2.0,0.49380116368178206,T2,2026-02-01
2026-02-01 04:00:00,10.0,0.1,0.8174971143148412,T2,2026-02-01
2026-02-01 05:00:00,9.5,1.9,0.7397847857617911,T2,2026-02-01
2026-02-01 06:00:00,8.8,3.5,0.6324269847550154,T2,2026-02-01
2026-02-01 07:00:00,11.7,5.5,0.9714572158840689,T2,2026-02-01
2026-02-01 08:00:00,13.0,6.3,0.9840052842868356,T2,2026-02-01
2026-02-01 09:00:00,12.9,6.3,0.9819080463514358,T2,2026-02-01
2026-02-01 10:00:00,12.0,5.6,0.9755064466652291,T2,2026-02-01
2026-02-01 11:00:00,9.6,3.6,0.7296265040513077,T2,2026-02-01
2026-02-01 12:00:00,7.1,0.9,0.3282009541393913,T2,2026-02-01
2026-02-01 13:00:00,6.8,0.9,0.2735491369451399,T2,2026-02-01
2026-02-01 14:00:00,8.1,0.9,0.487430425844009,T2,2026-02-01
2026-02-01 15:00:00,8.0,0.5,0.4838540893964881,T2,2026-02-01
2026-02-01 16:00:00,7.7,0.3,0.42615674638117107,T2,2026-02-01
2026-02-01 17:00:00,7.8,-0.5,0.44208368461689784,T2,2026-02-01
2026-02-01 18:00:00,8.1,-0.1,0.4966318444270273,T2,2026-02-01
2026-02-01 19:00:00,8.5,-0.5,0.570970951019049,T2,2026-02-01
2026-02-01 20:00:00,9.4,-1.0,0.6798904114947066,T2,2026-02-01
2026-02-01 21:00:00,8.4,-1.5,0.5402922634853201,T2,2026-02-01
2026-02-01 22:00:00,9.9,-1.7,0.7696981471901254,T2,2026-02-01
2026-02-01 23:00:00,11.2,-1.9,0.9323406497304441,T2,2026-02-01
2026-02-02 00:00:00,11.7,-2.0,0.9320714112900992,T2,2026-02-01
2026-02-02 01:00:00,10.8,-2.7,0.8664207135020007,T2,2026-02-01
2026-02-02 02:00:00,10.6,-3.1,0.875374174178135,T2,2026-02-01
2026-02-02 03:00:00,13.9,-1.8,0.9472710449064509,T2,2026-02-01
2026-02-02 04:00:00,15.3,1.6,0.9041448601640971,T2,2026-02-01
2026-02-02 05:00:00,17.8,4.2,0.89737133419747,T2,2026-02-01
2026-02-02 06:00:00,22.3,6.0,0.8892962823240239,T2,2026-02-01
2026-02-02 07:00:00,23.6,6.9,0.907616856143228,T2,2026-02-01
2026-02-02 08:00:00,24.3,7.6,0.9054076834303011,T2,2026-02-01
2026-02-02 09:00:00,23.2,7.9,0.9057946203374352,T2,2026-02-01
2026-02-02 10:00:00,18.7,7.1,0.8886322392333121,T2,2026-02-01
2026-02-02 11:00:00,14.0,5.3,0.895583030630914,T2,2026-02-01
2026-02-02 12:00:00,0.5,2.0,0.0009626185796332565,T2,2026-02-01
2026-02-02 13:00:00,3.8,0.6,0.019551696892558312,T2,2026-02-01
2026-02-02 14:00:00,4.3,0.2,0.03586613007692374,T2,2026-02-01
2026-02-02 15:00:00,8.3,0.8,0.49591218051272956,T2,2026-02-01
2026-02-02 16:00:00,7.9,0.7,0.42447186609498644,T2,2026-02-01
2026-02-02 17:00:00,6.5,-0.1,0.2364283482139594,T2,2026-02-01
2026-02-02 18:00:00,7.3,-0.2,0.35125818822149646,T2,2026-02-01
2026-02-02 19:00:00,8.6,-1.2,0.5703915447914902,T2,2026-02-01
2026-02-02 20:00:00,9.5,-1.3,0.7272225308777673,T2,2026-02-01
2026-02-02 21:00:00,11.3,-1.7,0.959322215813843,T2,2026-02-01
2026-02-02 22:00:00,12.1,-1.6,0.9772866827205716,T2,2026-02-01
2026-02-02 23:00:00,12.4,-1.7,0.9744695385973859,T2,2026-02-01
2026-02-03 00:00:00,14.5,-1.4,0.9639879782623806,T2,2026-02-01
2026-02-03 01:00:00,10.6,-1.9,0.9126792061151064,T2,2026-02-01
2026-02-03 02:00:00,6.3,-2.9,0.2207613488245607,T2,2026-02-01
2026-02-03 03:00:00,2.1,-1.3,0.014576305362769604,T2,2026-02-01
2026-02-03 04:00:00,3.4,2.2,0.026592872818309687,T2,2026-02-01
2026-02-03 05:00:00,2.5,4.9,0.014822248679999983,T2,2026-02-01
2026-02-03 06:00:00,7.3,6.1,0.3958677665290801,T2,2026-02-01
2026-02-03 07:00:00,9.4,7.4,0.7294621144843947,T2,2026-02-01
2026-02-03 08:00:00,10.5,8.4,0.8722691640126091,T2,2026-02-01
2026-02-03 09:00:00,9.2,8.6,0.6890050950451649,T2,2026-02-01
2026-02-03 10:00:00,5.8,7.2,0.17645472529034031,T2,2026-02-01
2026-02-03 11:00:00,6.0,4.9,0.1822065384499883,T2,2026-02-01
2026-02-03 12:00:00,6.6,2.2,0.2566665082580949,T2,2026-02-01
2026-02-03 13:00:00,7.9,1.1,0.4608520655424174,T2,2026-02-01
2026-02-03 14:00:00,7.4,2.8,0.3844282950896673,T2,2026-02-01
2026-02-03 15:00:00,8.1,1.9,0.4934344091204193,T2,2026-02-01
2026-02-03 16:00:00,14.0,2.1,0.9663622563791995,T2,2026-02-01
2026-02-03 17:00:00,14.7,2.8,0.9437238071033072,T2,2026-02-01
2026-02-03 18:00:00,7.4,2.7,0.39866856193013256,T2,2026-02-01
2026-02-03 19:00:00,7.7,2.7,0.44614274655749087,T2,2026-02-01
2026-02-03 20:00:00,11.1,3.0,0.9663138138275685,T2,2026-02-01
2026-02-03 21:00:00,9.2,2.7,0.6994568499056901,T2,2026-02-01
2026-02-03 22:00:00,5.7,2.1,0.156722004643821,T2,2026-02-01
2026-02-03 23:00:00,7.5,2.0,0.4210573018616499,T2,2026-02-01
2026-02-02 00:00:00,11.7,-2.0,0.9817708584741025,T1,2026-02-02
2026-02-02 01:00:00,10.8,-2.7,0.9395993636532121,T1,2026-02-02
2026-02-02 02:00:00,10.6,-3.1,0.9123389736526414,T1,2026-02-02
2026-02-02 03:00:00,13.9,-1.8,0.993516887040125,T1,2026-02-02
2026-02-02 04:00:00,15.3,1.6,0.9949893260711479,T1,2026-02-02
2026-02-02 05:00:00,17.8,4.2,0.9938353864192331,T1,2026-02-02
2026-02-02 06:00:00,22.3,6.0,0.9963907751838929,T1,2026-02-02
2026-02-02 07:00:00,23.6,6.9,0.9985611469717292,T1,2026-02-02
2026-02-02 08:00:00,24.3,7.6,1.0016156974964212,T1,2026-02-02
2026-02-02 09:00:00,23.2,7.9,1.0017967273875414,T1,2026-02-02
2026-02-02 10:00:00,18.7,7.1,1.0019980455405118,T1,2026-02-02
2026-02-02 11:00:00,14.0,5.3,0.9910063749616068,T1,2026-02-02
2026-02-02 12:00:00,0.5,2.0,0.004259527616564174,T1,2026-02-02
2026-02-02 13:00:00,3.8,0.6,0.031070604588913364,T1,2026-02-02
2026-02-02 14:00:00,4.3,0.2,0.053015668993927956,T1,2026-02-02
2026-02-02 15:00:00,8.3,0.8,0.5802942917500857,T1,2026-02-02
2026-02-02 16:00:00,7.9,0.7,0.5064736411056212,T1,2026-02-02
2026-02-02 17:00:00,6.5,-0.1,0.26084015936236604,T1,2026-02-02
2026-02-02 18:00:00,7.3,-0.2,0.4094997085982284,T1,2026-02-02
2026-02-02 19:00:00,8.6,-1.2,0.6376698780243412,T1,2026-02-02
2026-02-02 20:00:00,9.5,-1.3,0.7742117523484416,T1,2026-02-02
2026-02-02 21:00:00,11.3,-1.7,0.9792341877257247,T1,2026-02-02
2026-02-02 22:00:00,12.1,-1.6,0.9895742659265103,T1,2026-02-02
2026-02-02 23:00:00,12.4,-1.7,0.9878566613050677,T1,2026-02-02
2026-02-03 00:00:00,14.5,-1.4,1.0004713175652853,T1,2026-02-02
2026-02-03 01:00:00,10.6,-1.9,0.916239392377745,T1,2026-02-02
2026-02-03 02:00:00,6.3,-2.9,0.22664570726004846,T1,2026-02-02
2026-02-03 03:00:00,2.1,-1.3,0.013043106595008624,T1,2026-02-02
2026-02-03 04:00:00,3.4,2.2,0.030673326738064943,T1,2026-02-02
2026-02-03 05:00:00,2.5,4.9,0.016220703629779898,T1,2026-02-02
2026-02-03 06:00:00,7.3,6.1,0.43076621935608095,T1,2026-02-02
2026-02-03 07:00:00,9.4,7.4,0.7478811409662981,T1,2026-02-02
2026-02-03 08:00:00,10.5,8.4,0.9019327447465949,T1,2026-02-02
2026-02-03 09:00:00,9.2,8.6,0.7233593208712623,T1,2026-02-02
2026-02-03 10:00:00,5.8,7.2,0.17161715309549097,T1,2026-02-02
2026-02-03 11:00:00,6.0,4.9,0.2063153962747491,T1,2026-02-02
2026-02-03 12:00:00,6.6,2.2,0.2829209258796626,T1,2026-02-02
2026-02-03 13:00:00,7.9,1.1,0.5082265335641439,T1,2026-02-02
2026-02-03 14:00:00,7.4,2.8,0.42912207158414556,T1,2026-02-02
2026-02-03 15:00:00,8.1,1.9,0.544106970719177,T1,2026-02-02
2026-02-03 16:00:00,14.0,2.1,0.9958508131117408,T1,2026-02-02
2026-02-03 17:00:00,14.7,2.8,0.985667802754648,T1,2026-02-02
2026-02-03 18:00:00,7.4,2.7,0.4312695979762984,T1,2026-02-02
2026-02-03 19:00:00,7.7,2.7,0.4870661850555594,T1,2026-02-02
2026-02-03 20:00:00,11.1,3.0,0.9780938605011732,T1,2026-02-02
2026-02-03 21:00:00,9.2,2.7,0.7314469488150657,T1,2026-02-02
2026-02-03 22:00:00,5.7,2.1,0.1647220282688711,T1,2026-02-02
2026-02-03 23:00:00,7.5,2.0,0.45085875058293,T1,2026-02-02
2026-02-04 00:00:00,10.2,2.5,0.8781415012437176,T1,2026-02-02
2026-02-04 01:00:00,10.0,2.3,0.8627846479540624,T1,2026-02-02
2026-02-04 02:00:00,10.5,2.5,0.9090144263921246,T1,2026-02-02
2026-02-04 03:00:00,10.6,2.8,0.9171270694231953,T1,2026-02-02
2026-02-04 04:00:00,10.9,2.9,0.9473787318827889,T1,2026-02-02
2026-02-04 05:00:00,13.5,3.8,0.9891835353619346,T1,2026-02-02
2026-02-04 06:00:00,14.5,5.6,1.001366296010131,T1,2026-02-02
2026-02-04 07:00:00,12.2,7.0,0.9801285924284464,T1,2026-02-02
2026-02-04 08:00:00,11.3,8.1,0.9701526358369442,T1,2026-02-02
2026-02-04 09:00:00,10.9,9.0,0.9427033242197974,T1,2026-02-02
2026-02-04 10:00:00,8.9,8.7,0.679136827787485,T1,2026-02-02
2026-02-04 11:00:00,3.2,6.7,0.018294251016061025,T1,2026-02-02
2026-02-04 12:00:00,1.1,3.6,0.004577345799640586,T1,2026-02-02
2026-02-04 13:00:00,7.9,1.4,0.5059141742749913,T1,2026-02-02
2026-02-04 14:00:00,10.7,1.6,0.9301224991536865,T1,2026-02-02
2026-02-04 15:00:00,13.0,1.0,0.9812475132606371,T1,2026-02-02
2026-02-04 16:00:00,13.8,0.2,0.9867204446440317,T1,2026-02-02
2026-02-04 17:00:00,14.1,-0.4,0.9529947833735525,T1,2026-02-02
2026-02-04 18:00:00,17.5,-0.4,0.9603938913160674,T1,2026-02-02
2026-02-04 19:00:00,18.1,0.2,0.9273604419122708,T1,2026-02-02
2026-02-04 20:00:00,18.0,0.3,0.9148678927694285,T1,2026-02-02
2026-02-04 21:00:00,19.0,0.5,0.825592985902942,T1,2026-02-02
2026-02-04 22:00:00,21.2,0.7,0.8450960374591323,T1,2026-02-02
2026-02-04 23:00:00,23.3,0.9,0.8316431888691789,T1,2026-02-02
2026-02-02 00:00:00,11.7,-2.0,0.9320714112900992,T2,2026-02-02
2026-02-02 01:00:00,10.8,-2.7,0.8664207135020007,T2,2026-02-02
2026-02-02 02:00:00,10.6,-3.1,0.875374174178135,T2,2026-02-02
2026-02-02 03:00:00,13.9,-1.8,0.9472710449064509,T2,2026-02-02
2026-02-02 04:00:00,15.3,1.6,0.9041448601640971,T2,2026-02-02
2026-02-02 05:00:00,17.8,4.2,0.89737133419747,T2,2026-02-02
2026-02-02 06:00:00,22.3,6.0,0.8892962823240239,T2,2026-02-02
2026-02-02 07:00:00,23.6,6.9,0.907616856143228,T2,2026-02-02
2026-02-02 08:00:00,24.3,7.6,0.9054076834303011,T2,2026-02-02
2026-02-02 09:00:00,23.2,7.9,0.9057946203374352,T2,2026-02-02
2026-02-02 10:00:00,18.7,7.1,0.8886322392333121,T2,2026-02-02
2026-02-02 11:00:00,14.0,5.3,0.895583030630914,T2,2026-02-02
2026-02-02 12:00:00,0.5,2.0,0.0009626185796332565,T2,2026-02-02
2026-02-02 13:00:00,3.8,0.6,0.019551696892558312,T2,2026-02-02
2026-02-02 14:00:00,4.3,0.2,0.03586613007692374,T2,2026-02-02
2026-02-02 15:00:00,8.3,0.8,0.49591218051272956,T2,2026-02-02
2026-02-02 16:00:00,7.9,0.7,0.42447186609498644,T2,2026-02-02
2026-02-02 17:00:00,6.5,-0.1,0.2364283482139594,T2,2026-02-02
2026-02-02 18:00:00,7.3,-0.2,0.35125818822149646,T2,2026-02-02
2026-02-02 19:00:00,8.6,-1.2,0.5703915447914902,T2,2026-02-02
2026-02-02 20:00:00,9.5,-1.3,0.7272225308777673,T2,2026-02-02
2026-02-02 21:00:00,11.3,-1.7,0.959322215813843,T2,2026-02-02
2026-02-02 22:00:00,12.1,-1.6,0.9772866827205716,T2,2026-02-02
2026-02-02 23:00:00,12.4,-1.7,0.9744695385973859,T2,2026-02-02
2026-02-03 00:00:00,14.5,-1.4,0.9639879782623806,T2,2026-02-02
2026-02-03 01:00:00,10.6,-1.9,0.9126792061151064,T2,2026-02-02
2026-02-03 02:00:00,6.3,-2.9,0.2207613488245607,T2,2026-02-02
2026-02-03 03:00:00,2.1,-1.3,0.014576305362769604,T2,2026-02-02
2026-02-03 04:00:00,3.4,2.2,0.026592872818309687,T2,2026-02-02
2026-02-03 05:00:00,2.5,4.9,0.014822248679999983,T2,2026-02-02
2026-02-03 06:00:00,7.3,6.1,0.3958677665290801,T2,2026-02-02
2026-02-03 07:00:00,9.4,7.4,0.7294621144843947,T2,2026-02-02
2026-02-03 08:00:00,10.5,8.4,0.8722691640126091,T2,2026-02-02
2026-02-03 09:00:00,9.2,8.6,0.6890050950451649,T2,2026-02-02
2026-02-03 10:00:00,5.8,7.2,0.17645472529034031,T2,2026-02-02
2026-02-03 11:00:00,6.0,4.9,0.1822065384499883,T2,2026-02-02
2026-02-03 12:00:00,6.6,2.2,0.2566665082580949,T2,2026-02-02
2026-02-03 13:00:00,7.9,1.1,0.4608520655424174,T2,2026-02-02
2026-02-03 14:00:00,7.4,2.8,0.3844282950896673,T2,2026-02-02
2026-02-03 15:00:00,8.1,1.9,0.4934344091204193,T2,2026-02-02
2026-02-03 16:00:00,14.0,2.1,0.9663622563791995,T2,2026-02-02
2026-02-03 17:00:00,14.7,2.8,0.9437238071033072,T2,2026-02-02
2026-02-03 18:00:00,7.4,2.7,0.39866856193013256,T2,2026-02-02
2026-02-03 19:00:00,7.7,2.7,0.44614274655749087,T2,2026-02-02
2026-02-03 20:00:00,11.1,3.0,0.9663138138275685,T2,2026-02-02
2026-02-03 21:00:00,9.2,2.7,0.6994568499056901,T2,2026-02-02
2026-02-03 22:00:00,5.7,2.1,0.156722004643821,T2,2026-02-02
2026-02-03 23:00:00,7.5,2.0,0.4210573018616499,T2,2026-02-02
2026-02-04 00:00:00,10.2,2.5,0.8646120156532928,T2,2026-02-02
2026-02-04 01:00:00,10.0,2.3,0.8284311647268727,T2,2026-02-02
2026-02-04 02:00:00,10.5,2.5,0.8791314244845541,T2,2026-02-02
2026-02-04 03:00:00,10.6,2.8,0.9067999155884462,T2,2026-02-02
2026-02-04 04:00:00,10.9,2.9,0.9323102184748124,T2,2026-02-02
2026-02-04 05:00:00,13.5,3.8,0.9794086543039179,T2,2026-02-02
2026-02-04 06:00:00,14.5,5.6,0.9785628872450547,T2,2026-02-02
2026-02-04 07:00:00,12.2,7.0,0.9743884269146941,T2,2026-02-02
2026-02-04 08:00:00,11.3,8.1,0.9497738707978743,T2,2026-02-02
2026-02-04 09:00:00,10.9,9.0,0.9236213175422238,T2,2026-02-02
2026-02-04 10:00:00,8.9,8.7,0.645521609430094,T2,2026-02-02
2026-02-04 11:00:00,3.2,6.7,0.022962298557483718,T2,2026-02-02
2026-02-04 12:00:00,1.1,3.6,0.004436527271258595,T2,2026-02-02
2026-02-04 13:00:00,7.9,1.4,0.4641559425155244,T2,2026-02-02
2026-02-04 14:00:00,10.7,1.6,0.9114795753913794,T2,2026-02-02
2026-02-04 15:00:00,13.0,1.0,0.9734168507170667,T2,2026-02-02
2026-02-04 16:00:00,13.8,0.2,0.9771723381138423,T2,2026-02-02
2026-02-04 17:00:00,14.1,-0.4,0.9305438277338451,T2,2026-02-02
2026-02-04 18:00:00,17.5,-0.4,0.8495136851819448,T2,2026-02-02
2026-02-04 19:00:00,18.1,0.2,0.8285910797668024,T2,2026-02-02
2026-02-04 20:00:00,18.0,0.3,0.6446955197687108,T2,2026-02-02
2026-02-04 21:00:00,19.0,0.5,0.44937731094302363,T2,2026-02-02
2026-02-04 22:00:00,21.2,0.7,0.47397817786314667,T2,2026-02-02
2026-02-04 23:00:00,23.3,0.9,0.4894121912788709,T2,2026-02-02
2026-02-03 00:00:00,14.5,-1.4,1.0004713175652853,T1,2026-02-03
2026-02-03 01:00:00,10.6,-1.9,0.916239392377745,T1,2026-02-03
2026-02-03 02:00:00,6.3,-2.9,0.22664570726004846,T1,2026-02-03
2026-02-03 03:00:00,2.1,-1.3,0.013043106595008624,T1,2026-02-03
2026-02-03 04:00:00,3.4,2.2,0.030673326738064943,T1,2026-02-03
2026-02-03 05:00:00,2.5,4.9,0.016220703629779898,T1,2026-02-03
2026-02-03 06:00:00,7.3,6.1,0.43076621935608095,T1,2026-02-03
2026-02-03 07:00:00,9.4,7.4,0.7478811409662981,T1,2026-02-03
2026-02-03 08:00:00,10.5,8.4,0.9019327447465949,T1,2026-02-03
2026-02-03 09:00:00,9.2,8.6,0.7233593208712623,T1,2026-02-03
2026-02-03 10:00:00,5.8,7.2,0.17161715309549097,T1,2026-02-03
2026-02-03 11:00:00,6.0,4.9,0.2063153962747491,T1,2026-02-03
2026-02-03 12:00:00,6.6,2.2,0.2829209258796626,T1,2026-02-03
2026-02-03 13:00:00,7.9,1.1,0.5082265335641439,T1,2026-02-03
2026-02-03 14:00:00,7.4,2.8,0.42912207158414556,T1,2026-02-03
2026-02-03 15:00:00,8.1,1.9,0.544106970719177,T1,2026-02-03
2026-02-03 16:00:00,14.0,2.1,0.9958508131117408,T1,2026-02-03
2026-02-03 17:00:00,14.7,2.8,0.985667802754648,T1,2026-02-03
2026-02-03 18:00:00,7.4,2.7,0.4312695979762984,T1,2026-02-03
2026-02-03 19:00:00,7.7,2.7,0.4870661850555594,T1,2026-02-03
2026-02-03 20:00:00,11.1,3.0,0.9780938605011732,T1,2026-02-03
2026-02-03 21:00:00,9.2,2.7,0.7314469488150657,T1,2026-02-03
2026-02-03 22:00:00,5.7,2.1,0.1647220282688711,T1,2026-02-03
2026-02-03 23:00:00,7.5,2.0,0.45085875058293,T1,2026-02-03
2026-02-04 00:00:00,10.2,2.5,0.8781415012437176,T1,2026-02-03
2026-02-04 01:00:00,10.0,2.3,0.8627846479540624,T1,2026-02-03
2026-02-04 02:00:00,10.5,2.5,0.9090144263921246,T1,2026-02-03
2026-02-04 03:00:00,10.6,2.8,0.9171270694231953,T1,2026-02-03
2026-02-04 04:00:00,10.9,2.9,0.9473787318827889,T1,2026-02-03
2026-02-04 05:00:00,13.5,3.8,0.9891835353619346,T1,2026-02-03
2026-02-04 06:00:00,14.5,5.6,1.001366296010131,T1,2026-02-03
2026-02-04 07:00:00,12.2,7.0,0.9801285924284464,T1,2026-02-03
2026-02-04 08:00:00,11.3,8.1,0.9701526358369442,T1,2026-02-03
2026-02-04 09:00:00,10.9,9.0,0.9427033242197974,T1,2026-02-03
2026-02-04 10:00:00,8.9,8.7,0.679136827787485,T1,2026-02-03
2026-02-04 11:00:00,3.2,6.7,0.018294251016061025,T1,2026-02-03
2026-02-04 12:00:00,1.1,3.6,0.004577345799640586,T1,2026-02-03
2026-02-04 13:00:00,7.9,1.4,0.5059141742749913,T1,2026-02-03
2026-02-04 14:00:00,10.7,1.6,0.9301224991536865,T1,2026-02-03
2026-02-04 15:00:00,13.0,1.0,0.9812475132606371,T1,2026-02-03
2026-02-04 16:00:00,13.8,0.2,0.9867204446440317,T1,2026-02-03
2026-02-04 17:00:00,14.1,-0.4,0.9529947833735525,T1,2026-02-03
2026-02-04 18:00:00,17.5,-0.4,0.9603938913160674,T1,2026-02-03
2026-02-04 19:00:00,18.1,0.2,0.9273604419122708,T1,2026-02-03
2026-02-04 20:00:00,18.0,0.3,0.9148678927694285,T1,2026-02-03
2026-02-04 21:00:00,19.0,0.5,0.825592985902942,T1,2026-02-03
2026-02-04 22:00:00,21.2,0.7,0.8450960374591323,T1,2026-02-03
2026-02-04 23:00:00,23.3,0.9,0.8316431888691789,T1,2026-02-03
2026-02-05 00:00:00,25.3,0.8,0.9833654933874975,T1,2026-02-03
2026-02-05 01:00:00,28.0,1.3,0.9823415612739937,T1,2026-02-03
2026-02-05 02:00:00,28.5,1.2,0.9811466182346121,T1,2026-02-03
2026-02-05 03:00:00,27.4,1.8,0.9830400366829325,T1,2026-02-03
2026-02-05 04:00:00,27.6,2.9,0.9875705288751147,T1,2026-02-03
2026-02-05 05:00:00,28.9,4.4,0.991777189733523,T1,2026-02-03
2026-02-05 06:00:00,30.5,6.3,0.9961706739238946,T1,2026-02-03
2026-02-05 07:00:00,29.5,7.2,0.9955119202314859,T1,2026-02-03
2026-02-05 08:00:00,24.8,7.9,0.9954160097564885,T1,2026-02-03
2026-02-05 09:00:00,22.7,8.0,0.9921390161348271,T1,2026-02-03
2026-02-05 10:00:00,19.7,7.5,0.9886276952562504,T1,2026-02-03
2026-02-05 11:00:00,16.5,6.2,0.9842691224422004,T1,2026-02-03
2026-02-05 12:00:00,13.0,2.9,0.9796939382906829,T1,2026-02-03
2026-02-05 13:00:00,12.1,0.6,0.980451531895427,T1,2026-02-03
2026-02-05 14:00:00,12.8,-0.5,0.9778837023904919,T1,2026-02-03
2026-02-05 15:00:00,13.2,-0.9,0.9778307416501608,T1,2026-02-03
2026-02-05 16:00:00,12.8,-1.2,0.9793606056187302,T1,2026-02-03
2026-02-05 17:00:00,11.9,-1.3,0.9851127427865912,T1,2026-02-03
2026-02-05 18:00:00,10.2,-1.1,0.8663124231471044,T1,2026-02-03
2026-02-05 19:00:00,8.7,-1.6,0.6483306314156116,T1,2026-02-03
2026-02-05 20:00:00,7.9,-1.6,0.4994482553173283,T1,2026-02-03
2026-02-05 21:00:00,7.0,-1.6,0.34912280187089745,T1,2026-02-03
2026-02-05 22:00:00,7.4,-1.5,0.41687503981319957,T1,2026-02-03
2026-02-05 23:00:00,6.9,-1.3,0.33277846129819927,T1,2026-02-03
2026-02-03 00:00:00,14.5,-1.4,0.9639879782623806,T2,2026-02-03
2026-02-03 01:00:00,10.6,-1.9,0.9126792061151064,T2,2026-02-03
2026-02-03 02:00:00,6.3,-2.9,0.2207613488245607,T2,2026-02-03
2026-02-03 03:00:00,2.1,-1.3,0.014576305362769604,T2,2026-02-03
2026-02-03 04:00:00,3.4,2.2,0.026592872818309687,T2,2026-02-03
2026-02-03 05:00:00,2.5,4.9,0.014822248679999983,T2,2026-02-03
2026-02-03 06:00:00,7.3,6.1,0.3958677665290801,T2,2026-02-03
2026-02-03 07:00:00,9.4,7.4,0.7294621144843947,T2,2026-02-03
2026-02-03 08:00:00,10.5,8.4,0.8722691640126091,T2,2026-02-03
2026-02-03 09:00:00,9.2,8.6,0.6890050950451649,T2,2026-02-03
2026-02-03 10:00:00,5.8,7.2,0.17645472529034031,T2,2026-02-03
2026-02-03 11:00:00,6.0,4.9,0.1822065384499883,T2,2026-02-03
2026-02-03 12:00:00,6.6,2.2,0.2566665082580949,T2,2026-02-03
2026-02-03 13:00:00,7.9,1.1,0.4608520655424174,T2,2026-02-03
2026-02-03 14:00:00,7.4,2.8,0.3844282950896673,T2,2026-02-03
2026-02-03 15:00:00,8.1,1.9,0.4934344091204193,T2,2026-02-03
2026-02-03 16:00:00,14.0,2.1,0.9663622563791995,T2,2026-02-03
2026-02-03 17:00:00,14.7,2.8,0.9437238071033072,T2,2026-02-03
2026-02-03 18:00:00,7.4,2.7,0.39866856193013256,T2,2026-02-03
2026-02-03 19:00:00,7.7,2.7,0.44614274655749087,T2,2026-02-03
2026-02-03 20:00:00,11.1,3.0,0.9663138138275685,T2,2026-02-03
2026-02-03 21:00:00,9.2,2.7,0.6994568499056901,T2,2026-02-03
2026-02-03 22:00:00,5.7,2.1,0.156722004643821,T2,2026-02-03
2026-02-03 23:00:00,7.5,2.0,0.4210573018616499,T2,2026-02-03
2026-02-04 00:00:00,10.2,2.5,0.8646120156532928,T2,2026-02-03
2026-02-04 01:00:00,10.0,2.3,0.8284311647268727,T2,2026-02-03
2026-02-04 02:00:00,10.5,2.5,0.8791314244845541,T2,2026-02-03
2026-02-04 03:00:00,10.6,2.8,0.9067999155884462,T2,2026-02-03
2026-02-04 04:00:00,10.9,2.9,0.9323102184748124,T2,2026-02-03
2026-02-04 05:00:00,13.5,3.8,0.9794086543039179,T2,2026-02-03
2026-02-04 06:00:00,14.5,5.6,0.9785628872450547,T2,2026-02-03
2026-02-04 07:00:00,12.2,7.0,0.9743884269146941,T2,2026-02-03
2026-02-04 08:00:00,11.3,8.1,0.9497738707978743,T2,2026-02-03
2026-02-04 09:00:00,10.9,9.0,0.9236213175422238,T2,2026-02-03
2026-02-04 10:00:00,8.9,8.7,0.645521609430094,T2,2026-02-03
2026-02-04 11:00:00,3.2,6.7,0.022962298557483718,T2,2026-02-03
2026-02-04 12:00:00,1.1,3.6,0.004436527271258595,T2,2026-02-03
2026-02-04 13:00:00,7.9,1.4,0.4641559425155244,T2,2026-02-03
2026-02-04 14:00:00,10.7,1.6,0.9114795753913794,T2,2026-02-03
2026-02-04 15:00:00,13.0,1.0,0.9734168507170667,T2,2026-02-03
2026-02-04 16:00:00,13.8,0.2,0.9771723381138423,T2,2026-02-03
2026-02-04 17:00:00,14.1,-0.4,0.9305438277338451,T2,2026-02-03
2026-02-04 18:00:00,17.5,-0.4,0.8495136851819448,T2,2026-02-03
2026-02-04 19:00:00,18.1,0.2,0.8285910797668024,T2,2026-02-03
2026-02-04 20:00:00,18.0,0.3,0.6446955197687108,T2,2026-02-03
2026-02-04 21:00:00,19.0,0.5,0.44937731094302363,T2,2026-02-03
2026-02-04 22:00:00,21.2,0.7,0.47397817786314667,T2,2026-02-03
2026-02-04 23:00:00,23.3,0.9,0.4894121912788709,T2,2026-02-03
2026-02-05 00:00:00,25.3,0.8,0.9656240518350482,T2,2026-02-03
2026-02-05 01:00:00,28.0,1.3,0.9670688775791578,T2,2026-02-03
2026-02-05 02:00:00,28.5,1.2,0.9653555106903737,T2,2026-02-03
2026-02-05 03:00:00,27.4,1.8,0.9572585663530212,T2,2026-02-03
2026-02-05 04:00:00,27.6,2.9,0.9757804835639958,T2,2026-02-03
2026-02-05 05:00:00,28.9,4.4,0.9765445582710295,T2,2026-02-03
2026-02-05 06:00:00,30.5,6.3,0.9817561419577772,T2,2026-02-03
2026-02-05 07:00:00,29.5,7.2,0.9802603551826644,T2,2026-02-03
2026-02-05 08:00:00,24.8,7.9,0.9785512646648078,T2,2026-02-03
2026-02-05 09:00:00,22.7,8.0,0.9787409248371033,T2,2026-02-03
2026-02-05 10:00:00,19.7,7.5,0.9774983904098015,T2,2026-02-03
2026-02-05 11:00:00,16.5,6.2,0.9734044914203884,T2,2026-02-03
2026-02-05 12:00:00,13.0,2.9,0.9726557956787416,T2,2026-02-03
2026-02-05 13:00:00,12.1,0.6,0.967619017547076,T2,2026-02-03
2026-02-05 14:00:00,12.8,-0.5,0.949643033056481,T2,2026-02-03
2026-02-05 15:00:00,13.2,-0.9,0.9559782537829151,T2,2026-02-03
2026-02-05 16:00:00,12.8,-1.2,0.9606894869015412,T2,2026-02-03
2026-02-05 17:00:00,11.9,-1.3,0.9691119594389848,T2,2026-02-03
2026-02-05 18:00:00,10.2,-1.1,0.861287581310918,T2,2026-02-03
2026-02-05 19:00:00,8.7,-1.6,0.6297728878058366,T2,2026-02-03
2026-02-05 20:00:00,7.9,-1.6,0.4817662761220119,T2,2026-02-03
2026-02-05 21:00:00,7.0,-1.6,0.3311230263025576,T2,2026-02-03
2026-02-05 22:00:00,7.4,-1.5,0.39652722462779233,T2,2026-02-03
2026-02-05 23:00:00,6.9,-1.3,0.3215889620542493,T2,2026-02-03
2026-02-04 00:00:00,10.2,2.5,0.8781415012437176,T1,2026-02-04
2026-02-04 01:00:00,10.0,2.3,0.8627846479540624,T1,2026-02-04
2026-02-04 02:00:00,10.5,2.5,0.9090144263921246,T1,2026-02-04
2026-02-04 03:00:00,10.6,2.8,0.9171270694231953,T1,2026-02-04
2026-02-04 04:00:00,10.9,2.9,0.9473787318827889,T1,2026-02-04
2026-02-04 05:00:00,13.5,3.8,0.9891835353619346,T1,2026-02-04
2026-02-04 06:00:00,14.5,5.6,1.001366296010131,T1,2026-02-04
2026-02-04 07:00:00,12.2,7.0,0.9801285924284464,T1,2026-02-04
2026-02-04 08:00:00,11.3,8.1,0.9701526358369442,T1,2026-02-04
2026-02-04 09:00:00,10.9,9.0,0.9427033242197974,T1,2026-02-04
2026-02-04 10:00:00,8.9,8.7,0.679136827787485,T1,2026-02-04
2026-02-04 11:00:00,3.2,6.7,0.018294251016061025,T1,2026-02-04
2026-02-04 12:00:00,1.1,3.6,0.004577345799640586,T1,2026-02-04
2026-02-04 13:00:00,7.9,1.4,0.5059141742749913,T1,2026-02-04
2026-02-04 14:00:00,10.7,1.6,0.9301224991536865,T1,2026-02-04
2026-02-04 15:00:00,13.0,1.0,0.9812475132606371,T1,2026-02-04
2026-02-04 16:00:00,13.8,0.2,0.9867204446440317,T1,2026-02-04
2026-02-04 17:00:00,14.1,-0.4,0.9529947833735525,T1,2026-02-04
2026-02-04 18:00:00,17.5,-0.4,0.9603938913160674,T1,2026-02-04
2026-02-04 19:00:00,18.1,0.2,0.9273604419122708,T1,2026-02-04
2026-02-04 20:00:00,18.0,0.3,0.9148678927694285,T1,2026-02-04
2026-02-04 21:00:00,19.0,0.5,0.825592985902942,T1,2026-02-04
2026-02-04 22:00:00,21.2,0.7,0.8450960374591323,T1,2026-02-04
2026-02-04 23:00:00,23.3,0.9,0.8316431888691789,T1,2026-02-04
2026-02-05 00:00:00,25.3,0.8,0.9833654933874975,T1,2026-02-04
2026-02-05 01:00:00,28.0,1.3,0.9823415612739937,T1,2026-02-04
2026-02-05 02:00:00,28.5,1.2,0.9811466182346121,T1,2026-02-04
2026-02-05 03:00:00,27.4,1.8,0.9830400366829325,T1,2026-02-04
2026-02-05 04:00:00,27.6,2.9,0.9875705288751147,T1,2026-02-04
2026-02-05 05:00:00,28.9,4.4,0.991777189733523,T1,2026-02-04
2026-02-05 06:00:00,30.5,6.3,0.9961706739238946,T1,2026-02-04
2026-02-05 07:00:00,29.5,7.2,0.9955119202314859,T1,2026-02-04
2026-02-05 08:00:00,24.8,7.9,0.9954160097564885,T1,2026-02-04
2026-02-05 09:00:00,22.7,8.0,0.9921390161348271,T1,2026-02-04
2026-02-05 10:00:00,19.7,7.5,0.9886276952562504,T1,2026-02-04
2026-02-05 11:00:00,16.5,6.2,0.9842691224422004,T1,2026-02-04
2026-02-05 12:00:00,13.0,2.9,0.9796939382906829,T1,2026-02-04
2026-02-05 13:00:00,12.1,0.6,0.980451531895427,T1,2026-02-04
2026-02-05 14:00:00,12.8,-0.5,0.9778837023904919,T1,2026-02-04
2026-02-05 15:00:00,13.2,-0.9,0.9778307416501608,T1,2026-02-04
2026-02-05 16:00:00,12.8,-1.2,0.9793606056187302,T1,2026-02-04
2026-02-05 17:00:00,11.9,-1.3,0.9851127427865912,T1,2026-02-04
2026-02-05 18:00:00,10.2,-1.1,0.8663124231471044,T1,2026-02-04
2026-02-05 19:00:00,8.7,-1.6,0.6483306314156116,T1,2026-02-04
2026-02-05 20:00:00,7.9,-1.6,0.4994482553173283,T1,2026-02-04
2026-02-05 21:00:00,7.0,-1.6,0.34912280187089745,T1,2026-02-04
2026-02-05 22:00:00,7.4,-1.5,0.41687503981319957,T1,2026-02-04
2026-02-05 23:00:00,6.9,-1.3,0.33277846129819927,T1,2026-02-04
2026-02-06 00:00:00,6.5,-1.2,0.2697889723934318,T1,2026-02-04
2026-02-06 01:00:00,5.0,-0.8,0.08548663160205006,T1,2026-02-04
2026-02-06 02:00:00,0.6,0.5,0.01203355458688199,T1,2026-02-04
2026-02-06 03:00:00,7.6,1.4,0.4593594656689979,T1,2026-02-04
2026-02-06 04:00:00,11.0,2.6,0.9637541890323642,T1,2026-02-04
2026-02-06 05:00:00,11.0,3.9,0.9638800391638117,T1,2026-02-04
2026-02-06 06:00:00,11.5,5.5,0.9860246742282001,T1,2026-02-04
2026-02-06 07:00:00,12.0,6.2,0.9923978572657461,T1,2026-02-04
2026-02-06 08:00:00,15.2,6.7,0.9948264560463597,T1,2026-02-04
2026-02-06 09:00:00,26.8,6.9,0.9940766760908428,T1,2026-02-04
2026-02-06 10:00:00,31.1,5.9,0.9862560788822462,T1,2026-02-04
2026-02-06 11:00:00,35.4,4.6,0.9828766106027231,T1,2026-02-04
2026-02-06 12:00:00,31.4,3.8,0.9699884803982316,T1,2026-02-04
2026-02-06 13:00:00,30.2,2.7,0.9575067296029811,T1,2026-02-04
2026-02-06 14:00:00,30.0,0.8,0.9554151184057066,T1,2026-02-04
2026-02-06 15:00:00,27.5,0.4,0.9573702292388253,T1,2026-02-04
2026-02-06 16:00:00,27.7,0.6,0.9577302761004693,T1,2026-02-04
2026-02-06 17:00:00,28.1,0.8,0.9558444876612185,T1,2026-02-04
2026-02-06 18:00:00,24.0,0.5,0.956807952215598,T1,2026-02-04
2026-02-06 19:00:00,20.7,0.1,0.8464688269199174,T1,2026-02-04
2026-02-06 20:00:00,17.6,-0.1,0.8360113764234196,T1,2026-02-04
2026-02-06 21:00:00,16.4,-0.2,0.7963526339683689,T1,2026-02-04
2026-02-06 22:00:00,14.7,-0.4,0.8021313841055677,T1,2026-02-04
2026-02-06 23:00:00,9.9,-0.4,0.8243023966743307,T1,2026-02-04
2026-02-04 00:00:00,10.2,2.5,0.8646120156532928,T2,2026-02-04
2026-02-04 01:00:00,10.0,2.3,0.8284311647268727,T2,2026-02-04
2026-02-04 02:00:00,10.5,2.5,0.8791314244845541,T2,2026-02-04
2026-02-04 03:00:00,10.6,2.8,0.9067999155884462,T2,2026-02-04
2026-02-04 04:00:00,10.9,2.9,0.9323102184748124,T2,2026-02-04
2026-02-04 05:00:00,13.5,3.8,0.9794086543039179,T2,2026-02-04
2026-02-04 06:00:00,14.5,5.6,0.9785628872450547,T2,2026-02-04
2026-02-04 07:00:00,12.2,7.0,0.9743884269146941,T2,2026-02-04
2026-02-04 08:00:00,11.3,8.1,0.9497738707978743,T2,2026-02-04
2026-02-04 09:00:00,10.9,9.0,0.9236213175422238,T2,2026-02-04
2026-02-04 10:00:00,8.9,8.7,0.645521609430094,T2,2026-02-04
2026-02-04 11:00:00,3.2,6.7,0.022962298557483718,T2,2026-02-04
2026-02-04 12:00:00,1.1,3.6,0.004436527271258595,T2,2026-02-04
2026-02-04 13:00:00,7.9,1.4,0.4641559425155244,T2,2026-02-04
2026-02-04 14:00:00,10.7,1.6,0.9114795753913794,T2,2026-02-04
2026-02-04 15:00:00,13.0,1.0,0.9734168507170667,T2,2026-02-04
2026-02-04 16:00:00,13.8,0.2,0.9771723381138423,T2,2026-02-04
2026-02-04 17:00:00,14.1,-0.4,0.9305438277338451,T2,2026-02-04
2026-02-04 18:00:00,17.5,-0.4,0.8495136851819448,T2,2026-02-04
2026-02-04 19:00:00,18.1,0.2,0.8285910797668024,T2,2026-02-04
2026-02-04 20:00:00,18.0,0.3,0.6446955197687108,T2,2026-02-04
2026-02-04 21:00:00,19.0,0.5,0.44937731094302363,T2,2026-02-04
2026-02-04 22:00:00,21.2,0.7,0.47397817786314667,T2,2026-02-04
2026-02-04 23:00:00,23.3,0.9,0.4894121912788709,T2,2026-02-04
2026-02-05 00:00:00,25.3,0.8,0.9656240518350482,T2,2026-02-04
2026-02-05 01:00:00,28.0,1.3,0.9670688775791578,T2,2026-02-04
2026-02-05 02:00:00,28.5,1.2,0.9653555106903737,T2,2026-02-04
2026-02-05 03:00:00,27.4,1.8,0.9572585663530212,T2,2026-02-04
2026-02-05 04:00:00,27.6,2.9,0.9757804835639958,T2,2026-02-04
2026-02-05 05:00:00,28.9,4.4,0.9765445582710295,T2,2026-02-04
2026-02-05 06:00:00,30.5,6.3,0.9817561419577772,T2,2026-02-04
2026-02-05 07:00:00,29.5,7.2,0.9802603551826644,T2,2026-02-04
2026-02-05 08:00:00,24.8,7.9,0.9785512646648078,T2,2026-02-04
2026-02-05 09:00:00,22.7,8.0,0.9787409248371033,T2,2026-02-04
2026-02-05 10:00:00,19.7,7.5,0.9774983904098015,T2,2026-02-04
2026-02-05 11:00:00,16.5,6.2,0.9734044914203884,T2,2026-02-04
2026-02-05 12:00:00,13.0,2.9,0.9726557956787416,T2,2026-02-04
2026-02-05 13:00:00,12.1,0.6,0.967619017547076,T2,2026-02-04
2026-02-05 14:00:00,12.8,-0.5,0.949643033056481,T2,2026-02-04
2026-02-05 15:00:00,13.2,-0.9,0.9559782537829151,T2,2026-02-04
2026-02-05 16:00:00,12.8,-1.2,0.9606894869015412,T2,2026-02-04
2026-02-05 17:00:00,11.9,-1.3,0.9691119594389848,T2,2026-02-04
2026-02-05 18:00:00,10.2,-1.1,0.861287581310918,T2,2026-02-04
2026-02-05 19:00:00,8.7,-1.6,0.6297728878058366,T2,2026-02-04
2026-02-05 20:00:00,7.9,-1.6,0.4817662761220119,T2,2026-02-04
2026-02-05 21:00:00,7.0,-1.6,0.3311230263025576,T2,2026-02-04
2026-02-05 22:00:00,7.4,-1.5,0.39652722462779233,T2,2026-02-04
2026-02-05 23:00:00,6.9,-1.3,0.3215889620542493,T2,2026-02-04
2026-02-06 00:00:00,6.5,-1.2,0.25195562665342686,T2,2026-02-04
2026-02-06 01:00:00,5.0,-0.8,0.08530934666576245,T2,2026-02-04
2026-02-06 02:00:00,0.6,0.5,0.011598511503342457,T2,2026-02-04
2026-02-06 03:00:00,7.6,1.4,0.42628424775310025,T2,2026-02-04
2026-02-06 04:00:00,11.0,2.6,0.9380689427619943,T2,2026-02-04
2026-02-06 05:00:00,11.0,3.9,0.9365333443610111,T2,2026-02-04
2026-02-06 06:00:00,11.5,5.5,0.9584856264605124,T2,2026-02-04
2026-02-06 07:00:00,12.0,6.2,0.9698059879068401,T2,2026-02-04
2026-02-06 08:00:00,15.2,6.7,0.9849099825895022,T2,2026-02-04
2026-02-06 09:00:00,26.8,6.9,0.9814714950855983,T2,2026-02-04
2026-02-06 10:00:00,31.1,5.9,0.9786782818657237,T2,2026-02-04
2026-02-06 11:00:00,35.4,4.6,0.9721457421076941,T2,2026-02-04
2026-02-06 12:00:00,31.4,3.8,0.9720435707355263,T2,2026-02-04
2026-02-06 13:00:00,30.2,2.7,0.9685696357265722,T2,2026-02-04
2026-02-06 14:00:00,30.0,0.8,0.9572945832734082,T2,2026-02-04
2026-02-06 15:00:00,27.5,0.4,0.9360051730545588,T2,2026-02-04
2026-02-06 16:00:00,27.7,0.6,0.9047741974912498,T2,2026-02-04
2026-02-06 17:00:00,28.1,0.8,0.9039239130858541,T2,2026-02-04
2026-02-06 18:00:00,24.0,0.5,0.8940246586834778,T2,2026-02-04
2026-02-06 19:00:00,20.7,0.1,0.8543468690198439,T2,2026-02-04
2026-02-06 20:00:00,17.6,-0.1,0.7239351346941181,T2,2026-02-04
2026-02-06 21:00:00,16.4,-0.2,0.5357175226219854,T2,2026-02-04
2026-02-06 22:00:00,14.7,-0.4,0.6385833729614866,T2,2026-02-04
2026-02-06 23:00:00,9.9,-0.4,0.8129165650709752,T2,2026-02-04
2026-02-05 00:00:00,25.3,0.8,0.9833654933874975,T1,2026-02-05
2026-02-05 01:00:00,28.0,1.3,0.9823415612739937,T1,2026-02-05
2026-02-05 02:00:00,28.5,1.2,0.9811466182346121,T1,2026-02-05
2026-02-05 03:00:00,27.4,1.8,0.9830400366829325,T1,2026-02-05
2026-02-05 04:00:00,27.6,2.9,0.9875705288751147,T1,2026-02-05
2026-02-05 05:00:00,28.9,4.4,0.991777189733523,T1,2026-02-05
2026-02-05 06:00:00,30.5,6.3,0.9961706739238946,T1,2026-02-05
2026-02-05 07:00:00,29.5,7.2,0.9955119202314859,T1,2026-02-05
2026-02-05 08:00:00,24.8,7.9,0.9954160097564885,T1,2026-02-05
2026-02-05 09:00:00,22.7,8.0,0.9921390161348271,T1,2026-02-05
2026-02-05 10:00:00,19.7,7.5,0.9886276952562504,T1,2026-02-05
2026-02-05 11:00:00,16.5,6.2,0.9842691224422004,T1,2026-02-05
2026-02-05 12:00:00,13.0,2.9,0.9796939382906829,T1,2026-02-05
2026-02-05 13:00:00,12.1,0.6,0.980451531895427,T1,2026-02-05
2026-02-05 14:00:00,12.8,-0.5,0.9778837023904919,T1,2026-02-05
2026-02-05 15:00:00,13.2,-0.9,0.9778307416501608,T1,2026-02-05
2026-02-05 16:00:00,12.8,-1.2,0.9793606056187302,T1,2026-02-05
2026-02-05 17:00:00,11.9,-1.3,0.9851127427865912,T1,2026-02-05
2026-02-05 18:00:00,10.2,-1.1,0.8663124231471044,T1,2026-02-05
2026-02-05 19:00:00,8.7,-1.6,0.6483306314156116,T1,2026-02-05
2026-02-05 20:00:00,7.9,-1.6,0.4994482553173283,T1,2026-02-05
2026-02-05 21:00:00,7.0,-1.6,0.34912280187089745,T1,2026-02-05
2026-02-05 22:00:00,7.4,-1.5,0.41687503981319957,T1,2026-02-05
2026-02-05 23:00:00,6.9,-1.3,0.33277846129819927,T1,2026-02-05
2026-02-06 00:00:00,6.5,-1.2,0.2697889723934318,T1,2026-02-05
2026-02-06 01:00:00,5.0,-0.8,0.08548663160205006,T1,2026-02-05
2026-02-06 02:00:00,0.6,0.5,0.01203355458688199,T1,2026-02-05
2026-02-06 03:00:00,7.6,1.4,0.4593594656689979,T1,2026-02-05
2026-02-06 04:00:00,11.0,2.6,0.9637541890323642,T1,2026-02-05
2026-02-06 05:00:00,11.0,3.9,0.9638800391638117,T1,2026-02-05
2026-02-06 06:00:00,11.5,5.5,0.9860246742282001,T1,2026-02-05
2026-02-06 07:00:00,12.0,6.2,0.9923978572657461,T1,2026-02-05
2026-02-06 08:00:00,15.2,6.7,0.9948264560463597,T1,2026-02-05
2026-02-06 09:00:00,26.8,6.9,0.9940766760908428,T1,2026-02-05
2026-02-06 10:00:00,31.1,5.9,0.9862560788822462,T1,2026-02-05
2026-02-06 11:00:00,35.4,4.6,0.9828766106027231,T1,2026-02-05
2026-02-06 12:00:00,31.4,3.8,0.9699884803982316,T1,2026-02-05
2026-02-06 13:00:00,30.2,2.7,0.9575067296029811,T1,2026-02-05
2026-02-06 14:00:00,30.0,0.8,0.9554151184057066,T1,2026-02-05
2026-02-06 15:00:00,27.5,0.4,0.9573702292388253,T1,2026-02-05
2026-02-06 16:00:00,27.7,0.6,0.9577302761004693,T1,2026-02-05
2026-02-06 17:00:00,28.1,0.8,0.9558444876612185,T1,2026-02-05
2026-02-06 18:00:00,24.0,0.5,0.956807952215598,T1,2026-02-05
2026-02-06 19:00:00,20.7,0.1,0.8464688269199174,T1,2026-02-05
2026-02-06 20:00:00,17.6,-0.1,0.8360113764234196,T1,2026-02-05
2026-02-06 21:00:00,16.4,-0.2,0.7963526339683689,T1,2026-02-05
2026-02-06 22:00:00,14.7,-0.4,0.8021313841055677,T1,2026-02-05
2026-02-06 23:00:00,9.9,-0.4,0.8243023966743307,T1,2026-02-05
2026-02-07 00:00:00,8.3,-0.7,0.579479473077606,T1,2026-02-05
2026-02-07 01:00:00,0.7,-2.2,0.008450458108918923,T1,2026-02-05
2026-02-07 02:00:00,4.6,-3.1,0.053890114003822764,T1,2026-02-05
2026-02-07 03:00:00,9.4,-1.4,0.7540520767320023,T1,2026-02-05
2026-02-07 04:00:00,11.8,0.5,0.9889717470454832,T1,2026-02-05
2026-02-07 05:00:00,16.7,1.5,0.9756993531971534,T1,2026-02-05
2026-02-07 06:00:00,20.5,2.5,0.9721900704095439,T1,2026-02-05
2026-02-07 07:00:00,18.6,3.0,0.9727314076853582,T1,2026-02-05
2026-02-07 08:00:00,18.1,3.4,0.9720132837891386,T1,2026-02-05
2026-02-07 09:00:00,14.4,4.0,0.9845884075162957,T1,2026-02-05
2026-02-07 10:00:00,12.9,3.6,0.9800369917552978,T1,2026-02-05
2026-02-07 11:00:00,8.4,2.2,0.5938533154628296,T1,2026-02-05
2026-02-07 12:00:00,10.2,0.9,0.8643091922405861,T1,2026-02-05
2026-02-07 13:00:00,13.3,0.3,0.9736812199624962,T1,2026-02-05
2026-02-07 14:00:00,14.8,0.2,0.9690626577358634,T1,2026-02-05
2026-02-07 15:00:00,13.6,-0.1,0.9760673818722818,T1,2026-02-05
2026-02-07 16:00:00,15.2,-0.5,0.9707195961883552,T1,2026-02-05
2026-02-07 17:00:00,17.9,-0.8,0.9496574009930077,T1,2026-02-05
2026-02-07 18:00:00,18.4,-0.7,0.9496524663684033,T1,2026-02-05
2026-02-07 19:00:00,17.0,-1.0,0.8630245794312013,T1,2026-02-05
2026-02-07 20:00:00,16.3,-1.2,0.8538561011665734,T1,2026-02-05
2026-02-07 21:00:00,18.6,-1.5,0.814611033257059,T1,2026-02-05
2026-02-07 22:00:00,20.8,-1.5,0.831621399474612,T1,2026-02-05
2026-02-07 23:00:00,20.6,-1.0,0.8325914486608954,T1,2026-02-05
2026-02-05 00:00:00,25.3,0.8,0.9656240518350482,T2,2026-02-05
2026-02-05 01:00:00,28.0,1.3,0.9670688775791578,T2,2026-02-05
2026-02-05 02:00:00,28.5,1.2,0.9653555106903737,T2,2026-02-05
2026-02-05 03:00:00,27.4,1.8,0.9572585663530212,T2,2026-02-05
2026-02-05 04:00:00,27.6,2.9,0.9757804835639958,T2,2026-02-05
2026-02-05 05:00:00,28.9,4.4,0.9765445582710295,T2,2026-02-05
2026-02-05 06:00:00,30.5,6.3,0.9817561419577772,T2,2026-02-05
2026-02-05 07:00:00,29.5,7.2,0.9802603551826644,T2,2026-02-05
2026-02-05 08:00:00,24.8,7.9,0.9785512646648078,T2,2026-02-05
2026-02-05 09:00:00,22.7,8.0,0.9787409248371033,T2,2026-02-05
2026-02-05 10:00:00,19.7,7.5,0.9774983904098015,T2,2026-02-05
2026-02-05 11:00:00,16.5,6.2,0.9734044914203884,T2,2026-02-05
2026-02-05 12:00:00,13.0,2.9,0.9726557956787416,T2,2026-02-05
2026-02-05 13:00:00,12.1,0.6,0.967619017547076,T2,2026-02-05
2026-02-05 14:00:00,12.8,-0.5,0.949643033056481,T2,2026-02-05
2026-02-05 15:00:00,13.2,-0.9,0.9559782537829151,T2,2026-02-05
2026-02-05 16:00:00,12.8,-1.2,0.9606894869015412,T2,2026-02-05
2026-02-05 17:00:00,11.9,-1.3,0.9691119594389848,T2,2026-02-05
2026-02-05 18:00:00,10.2,-1.1,0.861287581310918,T2,2026-02-05
2026-02-05 19:00:00,8.7,-1.6,0.6297728878058366,T2,2026-02-05
2026-02-05 20:00:00,7.9,-1.6,0.4817662761220119,T2,2026-02-05
2026-02-05 21:00:00,7.0,-1.6,0.3311230263025576,T2,2026-02-05
2026-02-05 22:00:00,7.4,-1.5,0.39652722462779233,T2,2026-02-05
2026-02-05 23:00:00,6.9,-1.3,0.3215889620542493,T2,2026-02-05
2026-02-06 00:00:00,6.5,-1.2,0.25195562665342686,T2,2026-02-05
2026-02-06 01:00:00,5.0,-0.8,0.08530934666576245,T2,2026-02-05
2026-02-06 02:00:00,0.6,0.5,0.011598511503342457,T2,2026-02-05
2026-02-06 03:00:00,7.6,1.4,0.42628424775310025,T2,2026-02-05
2026-02-06 04:00:00,11.0,2.6,0.9380689427619943,T2,2026-02-05
2026-02-06 05:00:00,11.0,3.9,0.9365333443610111,T2,2026-02-05
2026-02-06 06:00:00,11.5,5.5,0.9584856264605124,T2,2026-02-05
2026-02-06 07:00:00,12.0,6.2,0.9698059879068401,T2,2026-02-05
2026-02-06 08:00:00,15.2,6.7,0.9849099825895022,T2,2026-02-05
2026-02-06 09:00:00,26.8,6.9,0.9814714950855983,T2,2026-02-05
2026-02-06 10:00:00,31.1,5.9,0.9786782818657237,T2,2026-02-05
2026-02-06 11:00:00,35.4,4.6,0.9721457421076941,T2,2026-02-05
2026-02-06 12:00:00,31.4,3.8,0.9720435707355263,T2,2026-02-05
2026-02-06 13:00:00,30.2,2.7,0.9685696357265722,T2,2026-02-05
2026-02-06 14:00:00,30.0,0.8,0.9572945832734082,T2,2026-02-05
2026-02-06 15:00:00,27.5,0.4,0.9360051730545588,T2,2026-02-05
2026-02-06 16:00:00,27.7,0.6,0.9047741974912498,T2,2026-02-05
2026-02-06 17:00:00,28.1,0.8,0.9039239130858541,T2,2026-02-05
2026-02-06 18:00:00,24.0,0.5,0.8940246586834778,T2,2026-02-05
2026-02-06 19:00:00,20.7,0.1,0.8543468690198439,T2,2026-02-05
2026-02-06 20:00:00,17.6,-0.1,0.7239351346941181,T2,2026-02-05
2026-02-06 21:00:00,16.4,-0.2,0.5357175226219854,T2,2026-02-05
2026-02-06 22:00:00,14.7,-0.4,0.6385833729614866,T2,2026-02-05
2026-02-06 23:00:00,9.9,-0.4,0.8129165650709752,T2,2026-02-05
2026-02-07 00:00:00,8.3,-0.7,0.5433031114781898,T2,2026-02-05
2026-02-07 01:00:00,0.7,-2.2,0.004880984955637047,T2,2026-02-05
2026-02-07 02:00:00,4.6,-3.1,0.03954264699822313,T2,2026-02-05
2026-02-07 03:00:00,9.4,-1.4,0.7071159573947488,T2,2026-02-05
2026-02-07 04:00:00,11.8,0.5,0.96554887546604,T2,2026-02-05
2026-02-07 05:00:00,16.7,1.5,0.977043328433068,T2,2026-02-05
2026-02-07 06:00:00,20.5,2.5,0.970134371427461,T2,2026-02-05
2026-02-07 07:00:00,18.6,3.0,0.9804097133602152,T2,2026-02-05
2026-02-07 08:00:00,18.1,3.4,0.9774756050040363,T2,2026-02-05
2026-02-07 09:00:00,14.4,4.0,0.9726151088554458,T2,2026-02-05
2026-02-07 10:00:00,12.9,3.6,0.9763387852601175,T2,2026-02-05
2026-02-07 11:00:00,8.4,2.2,0.5535472425204855,T2,2026-02-05
2026-02-07 12:00:00,10.2,0.9,0.8342059697295414,T2,2026-02-05
2026-02-07 13:00:00,13.3,0.3,0.9688596631887091,T2,2026-02-05
2026-02-07 14:00:00,14.8,0.2,0.9578447249860483,T2,2026-02-05
2026-02-07 15:00:00,13.6,-0.1,0.9633834183509354,T2,2026-02-05
2026-02-07 16:00:00,15.2,-0.5,0.880738292266759,T2,2026-02-05
2026-02-07 17:00:00,17.9,-0.8,0.8715537371162362,T2,2026-02-05
2026-02-07 18:00:00,18.4,-0.7,0.8767142263219793,T2,2026-02-05
2026-02-07 19:00:00,17.0,-1.0,0.8418256839174201,T2,2026-02-05
2026-02-07 20:00:00,16.3,-1.2,0.732474710616672,T2,2026-02-05
2026-02-07 21:00:00,18.6,-1.5,0.5933896772801088,T2,2026-02-05
2026-02-07 22:00:00,20.8,-1.5,0.610606895152705,T2,2026-02-05
2026-02-07 23:00:00,20.6,-1.0,0.6118382846379774,T2,2026-02-05
2026-02-06 00:00:00,6.5,-1.2,0.2697889723934318,T1,2026-02-06
2026-02-06 01:00:00,5.0,-0.8,0.08548663160205006,T1,2026-02-06
2026-02-06 02:00:00,0.6,0.5,0.01203355458688199,T1,2026-02-06
2026-02-06 03:00:00,7.6,1.4,0.4593594656689979,T1,2026-02-06
2026-02-06 04:00:00,11.0,2.6,0.9637541890323642,T1,2026-02-06
2026-02-06 05:00:00,11.0,3.9,0.9638800391638117,T1,2026-02-06
2026-02-06 06:00:00,11.5,5.5,0.9860246742282001,T1,2026-02-06
2026-02-06 07:00:00,12.0,6.2,0.9923978572657461,T1,2026-02-06
2026-02-06 08:00:00,15.2,6.7,0.9948264560463597,T1,2026-02-06
2026-02-06 09:00:00,26.8,6.9,0.9940766760908428,T1,2026-02-06
2026-02-06 10:00:00,31.1,5.9,0.9862560788822462,T1,2026-02-06
2026-02-06 11:00:00,35.4,4.6,0.9828766106027231,T1,2026-02-06
2026-02-06 12:00:00,31.4,3.8,0.9699884803982316,T1,2026-02-06
2026-02-06 13:00:00,30.2,2.7,0.9575067296029811,T1,2026-02-06
2026-02-06 14:00:00,30.0,0.8,0.9554151184057066,T1,2026-02-06
2026-02-06 15:00:00,27.5,0.4,0.9573702292388253,T1,2026-02-06
2026-02-06 16:00:00,27.7,0.6,0.9577302761004693,T1,2026-02-06
2026-02-06 17:00:00,28.1,0.8,0.9558444876612185,T1,2026-02-06
2026-02-06 18:00:00,24.0,0.5,0.956807952215598,T1,2026-02-06
2026-02-06 19:00:00,20.7,0.1,0.8464688269199174,T1,2026-02-06
2026-02-06 20:00:00,17.6,-0.1,0.8360113764234196,T1,2026-02-06
2026-02-06 21:00:00,16.4,-0.2,0.7963526339683689,T1,2026-02-06
2026-02-06 22:00:00,14.7,-0.4,0.8021313841055677,T1,2026-02-06
2026-02-06 23:00:00,9.9,-0.4,0.8243023966743307,T1,2026-02-06
2026-02-07 00:00:00,8.3,-0.7,0.579479473077606,T1,2026-02-06
2026-02-07 01:00:00,0.7,-2.2,0.008450458108918923,T1,2026-02-06
2026-02-07 02:00:00,4.6,-3.1,0.053890114003822764,T1,2026-02-06
2026-02-07 03:00:00,9.4,-1.4,0.7540520767320023,T1,2026-02-06
2026-02-07 04:00:00,11.8,0.5,0.9889717470454832,T1,2026-02-06
2026-02-07 05:00:00,16.7,1.5,0.9756993531971534,T1,2026-02-06
2026-02-07 06:00:00,20.5,2.5,0.9721900704095439,T1,2026-02-06
2026-02-07 07:00:00,18.6,3.0,0.9727314076853582,T1,2026-02-06
2026-02-07 08:00:00,18.1,3.4,0.9720132837891386,T1,2026-02-06
2026-02-07 09:00:00,14.4,4.0,0.9845884075162957,T1,2026-02-06
2026-02-07 10:00:00,12.9,3.6,0.9800369917552978,T1,2026-02-06
2026-02-07 11:00:00,8.4,2.2,0.5938533154628296,T1,2026-02-06
2026-02-07 12:00:00,10.2,0.9,0.8643091922405861,T1,2026-02-06
2026-02-07 13:00:00,13.3,0.3,0.9736812199624962,T1,2026-02-06
2026-02-07 14:00:00,14.8,0.2,0.9690626577358634,T1,2026-02-06
2026-02-07 15:00:00,13.6,-0.1,0.9760673818722818,T1,2026-02-06
2026-02-07 16:00:00,15.2,-0.5,0.9707195961883552,T1,2026-02-06
2026-02-07 17:00:00,17.9,-0.8,0.9496574009930077,T1,2026-02-06
2026-02-07 18:00:00,18.4,-0.7,0.9496524663684033,T1,2026-02-06
2026-02-07 19:00:00,17.0,-1.0,0.8630245794312013,T1,2026-02-06
2026-02-07 20:00:00,16.3,-1.2,0.8538561011665734,T1,2026-02-06
2026-02-07 21:00:00,18.6,-1.5,0.814611033257059,T1,2026-02-06
2026-02-07 22:00:00,20.8,-1.5,0.831621399474612,T1,2026-02-06
2026-02-07 23:00:00,20.6,-1.0,0.8325914486608954,T1,2026-02-06
2026-02-08 00:00:00,19.1,-0.8,0.9318098339284903,T1,2026-02-06
2026-02-08 01:00:00,16.4,-0.6,0.9328162784621695,T1,2026-02-06
2026-02-08 02:00:00,11.3,-0.6,0.9736139316990909,T1,2026-02-06
2026-02-08 03:00:00,7.0,-0.6,0.3581511532734518,T1,2026-02-06
2026-02-08 04:00:00,5.4,0.1,0.1357961422642162,T1,2026-02-06
2026-02-08 05:00:00,3.3,0.5,0.02635775601830259,T1,2026-02-06
2026-02-08 06:00:00,2.8,3.2,0.024180984196233546,T1,2026-02-06
2026-02-08 07:00:00,3.1,3.6,0.023925366785947533,T1,2026-02-06
2026-02-08 08:00:00,7.1,4.3,0.37459959216941713,T1,2026-02-06
2026-02-08 09:00:00,12.7,4.3,0.9917186860711263,T1,2026-02-06
2026-02-08 10:00:00,17.0,3.9,0.9799939036470174,T1,2026-02-06
2026-02-08 11:00:00,19.4,2.8,0.9803135894472299,T1,2026-02-06
2026-02-08 12:00:00,22.1,0.8,0.9640368053938861,T1,2026-02-06
2026-02-08 13:00:00,22.2,-0.6,0.967877444605939,T1,2026-02-06
2026-02-08 14:00:00,24.5,-1.0,0.9640283905715346,T1,2026-02-06
2026-02-08 15:00:00,26.7,-0.4,0.9688049395203163,T1,2026-02-06
2026-02-08 16:00:00,26.6,-0.9,0.9678430547426675,T1,2026-02-06
2026-02-08 17:00:00,27.8,-1.3,0.9698675874365125,T1,2026-02-06
2026-02-08 18:00:00,29.9,-0.9,0.9692260840301664,T1,2026-02-06
2026-02-08 19:00:00,26.6,-1.0,0.8709989445544474,T1,2026-02-06
2026-02-08 20:00:00,26.2,-1.1,0.8623685543456663,T1,2026-02-06
2026-02-08 21:00:00,26.5,-1.1,0.8224400993983085,T1,2026-02-06
2026-02-08 22:00:00,25.6,-1.2,0.8387341221128194,T1,2026-02-06
2026-02-08 23:00:00,24.6,-1.4,0.8400195372014774,T1,2026-02-06
2026-02-06 00:00:00,6.5,-1.2,0.25195562665342686,T2,2026-02-06
2026-02-06 01:00:00,5.0,-0.8,0.08530934666576245,T2,2026-02-06
2026-02-06 02:00:00,0.6,0.5,0.011598511503342457,T2,2026-02-06
2026-02-06 03:00:00,7.6,1.4,0.42628424775310025,T2,2026-02-06
2026-02-06 04:00:00,11.0,2.6,0.9380689427619943,T2,2026-02-06
2026-02-06 05:00:00,11.0,3.9,0.9365333443610111,T2,2026-02-06
2026-02-06 06:00:00,11.5,5.5,0.9584856264605124,T2,2026-02-06
2026-02-06 07:00:00,12.0,6.2,0.9698059879068401,T2,2026-02-06
2026-02-06 08:00:00,15.2,6.7,0.9849099825895022,T2,2026-02-06
2026-02-06 09:00:00,26.8,6.9,0.9814714950855983,T2,2026-02-06
2026-02-06 10:00:00,31.1,5.9,0.9786782818657237,T2,2026-02-06
2026-02-06 11:00:00,35.4,4.6,0.9721457421076941,T2,2026-02-06
2026-02-06 12:00:00,31.4,3.8,0.9720435707355263,T2,2026-02-06
2026-02-06 13:00:00,30.2,2.7,0.9685696357265722,T2,2026-02-06
2026-02-06 14:00:00,30.0,0.8,0.9572945832734082,T2,2026-02-06
2026-02-06 15:00:00,27.5,0.4,0.9360051730545588,T2,2026-02-06
2026-02-06 16:00:00,27.7,0.6,0.9047741974912498,T2,2026-02-06
2026-02-06 17:00:00,28.1,0.8,0.9039239130858541,T2,2026-02-06
2026-02-06 18:00:00,24.0,0.5,0.8940246586834778,T2,2026-02-06
2026-02-06 19:00:00,20.7,0.1,0.8543468690198439,T2,2026-02-06
2026-02-06 20:00:00,17.6,-0.1,0.7239351346941181,T2,2026-02-06
2026-02-06 21:00:00,16.4,-0.2,0.5357175226219854,T2,2026-02-06
2026-02-06 22:00:00,14.7,-0.4,0.6385833729614866,T2,2026-02-06
2026-02-06 23:00:00,9.9,-0.4,0.8129165650709752,T2,2026-02-06
2026-02-07 00:00:00,8.3,-0.7,0.5433031114781898,T2,2026-02-06
2026-02-07 01:00:00,0.7,-2.2,0.004880984955637047,T2,2026-02-06
2026-02-07 02:00:00,4.6,-3.1,0.03954264699822313,T2,2026-02-06
2026-02-07 03:00:00,9.4,-1.4,0.7071159573947488,T2,2026-02-06
2026-02-07 04:00:00,11.8,0.5,0.96554887546604,T2,2026-02-06
2026-02-07 05:00:00,16.7,1.5,0.977043328433068,T2,2026-02-06
2026-02-07 06:00:00,20.5,2.5,0.970134371427461,T2,2026-02-06
2026-02-07 07:00:00,18.6,3.0,0.9804097133602152,T2,2026-02-06
2026-02-07 08:00:00,18.1,3.4,0.9774756050040363,T2,2026-02-06
2026-02-07 09:00:00,14.4,4.0,0.9726151088554458,T2,2026-02-06
2026-02-07 10:00:00,12.9,3.6,0.9763387852601175,T2,2026-02-06
2026-02-07 11:00:00,8.4,2.2,0.5535472425204855,T2,2026-02-06
2026-02-07 12:00:00,10.2,0.9,0.8342059697295414,T2,2026-02-06
2026-02-07 13:00:00,13.3,0.3,0.9688596631887091,T2,2026-02-06
2026-02-07 14:00:00,14.8,0.2,0.9578447249860483,T2,2026-02-06
2026-02-07 15:00:00,13.6,-0.1,0.9633834183509354,T2,2026-02-06
2026-02-07 16:00:00,15.2,-0.5,0.880738292266759,T2,2026-02-06
2026-02-07 17:00:00,17.9,-0.8,0.8715537371162362,T2,2026-02-06
2026-02-07 18:00:00,18.4,-0.7,0.8767142263219793,T2,2026-02-06
2026-02-07 19:00:00,17.0,-1.0,0.8418256839174201,T2,2026-02-06
2026-02-07 20:00:00,16.3,-1.2,0.732474710616672,T2,2026-02-06
2026-02-07 21:00:00,18.6,-1.5,0.5933896772801088,T2,2026-02-06
2026-02-07 22:00:00,20.8,-1.5,0.610606895152705,T2,2026-02-06
2026-02-07 23:00:00,20.6,-1.0,0.6118382846379774,T2,2026-02-06
2026-02-08 00:00:00,19.1,-0.8,0.9773128750942577,T2,2026-02-06
2026-02-08 01:00:00,16.4,-0.6,0.9783315683866177,T2,2026-02-06
2026-02-08 02:00:00,11.3,-0.6,0.9632879849753253,T2,2026-02-06
2026-02-08 03:00:00,7.0,-0.6,0.32798168100870384,T2,2026-02-06
2026-02-08 04:00:00,5.4,0.1,0.1128652452313822,T2,2026-02-06
2026-02-08 05:00:00,3.3,0.5,0.0255703796715398,T2,2026-02-06
2026-02-08 06:00:00,2.8,3.2,0.026593523432125676,T2,2026-02-06
2026-02-08 07:00:00,3.1,3.6,0.027694049389874242,T2,2026-02-06
2026-02-08 08:00:00,7.1,4.3,0.3497014433917063,T2,2026-02-06
2026-02-08 09:00:00,12.7,4.3,0.9795870364103539,T2,2026-02-06
2026-02-08 10:00:00,17.0,3.9,0.989650915364984,T2,2026-02-06
2026-02-08 11:00:00,19.4,2.8,0.9852800997161326,T2,2026-02-06
2026-02-08 12:00:00,22.1,0.8,0.9848543928710087,T2,2026-02-06
2026-02-08 13:00:00,22.2,-0.6,0.9258917136255295,T2,2026-02-06
2026-02-08 14:00:00,24.5,-1.0,0.9236452524853641,T2,2026-02-06
2026-02-08 15:00:00,26.7,-0.4,0.9184384760458734,T2,2026-02-06
2026-02-08 16:00:00,26.6,-0.9,0.8805779727733772,T2,2026-02-06
2026-02-08 17:00:00,27.8,-1.3,0.8703764583675793,T2,2026-02-06
2026-02-08 18:00:00,29.9,-0.9,0.8553942145854898,T2,2026-02-06
2026-02-08 19:00:00,26.6,-1.0,0.8206385681741304,T2,2026-02-06
2026-02-08 20:00:00,26.2,-1.1,0.7093131632854941,T2,2026-02-06
2026-02-08 21:00:00,26.5,-1.1,0.5812064270195301,T2,2026-02-06
2026-02-08 22:00:00,25.6,-1.2,0.6015843899208675,T2,2026-02-06
2026-02-08 23:00:00,24.6,-1.4,0.6075088772759911,T2,2026-02-06
2026-02-07 00:00:00,8.3,-0.7,0.579479473077606,T1,2026-02-07
2026-02-07 01:00:00,0.7,-2.2,0.008450458108918923,T1,2026-02-07
2026-02-07 02:00:00,4.6,-3.1,0.053890114003822764,T1,2026-02-07
2026-02-07 03:00:00,9.4,-1.4,0.7540520767320023,T1,2026-02-07
2026-02-07 04:00:00,11.8,0.5,0.9889717470454832,T1,2026-02-07
2026-02-07 05:00:00,16.7,1.5,0.9756993531971534,T1,2026-02-07
2026-02-07 06:00:00,20.5,2.5,0.9721900704095439,T1,2026-02-07
2026-02-07 07:00:00,18.6,3.0,0.9727314076853582,T1,2026-02-07
2026-02-07 08:00:00,18.1,3.4,0.9720132837891386,T1,2026-02-07
2026-02-07 09:00:00,14.4,4.0,0.9845884075162957,T1,2026-02-07
2026-02-07 10:00:00,12.9,3.6,0.9800369917552978,T1,2026-02-07
2026-02-07 11:00:00,8.4,2.2,0.5938533154628296,T1,2026-02-07
2026-02-07 12:00:00,10.2,0.9,0.8643091922405861,T1,2026-02-07
2026-02-07 13:00:00,13.3,0.3,0.9736812199624962,T1,2026-02-07
2026-02-07 14:00:00,14.8,0.2,0.9690626577358634,T1,2026-02-07
2026-02-07 15:00:00,13.6,-0.1,0.9760673818722818,T1,2026-02-07
2026-02-07 16:00:00,15.2,-0.5,0.9707195961883552,T1,2026-02-07
2026-02-07 17:00:00,17.9,-0.8,0.9496574009930077,T1,2026-02-07
2026-02-07 18:00:00,18.4,-0.7,0.9496524663684033,T1,2026-02-07
2026-02-07 19:00:00,17.0,-1.0,0.8630245794312013,T1,2026-02-07
2026-02-07 20:00:00,16.3,-1.2,0.8538561011665734,T1,2026-02-07
2026-02-07 21:00:00,18.6,-1.5,0.814611033257059,T1,2026-02-07
2026-02-07 22:00:00,20.8,-1.5,0.831621399474612,T1,2026-02-07
2026-02-07 23:00:00,20.6,-1.0,0.8325914486608954,T1,2026-02-07
2026-02-08 00:00:00,19.1,-0.8,0.9318098339284903,T1,2026-02-07
2026-02-08 01:00:00,16.4,-0.6,0.9328162784621695,T1,2026-02-07
2026-02-08 02:00:00,11.3,-0.6,0.9736139316990909,T1,2026-02-07
2026-02-08 03:00:00,7.0,-0.6,0.3581511532734518,T1,2026-02-07
2026-02-08 04:00:00,5.4,0.1,0.1357961422642162,T1,2026-02-07
2026-02-08 05:00:00,3.3,0.5,0.02635775601830259,T1,2026-02-07
2026-02-08 06:00:00,2.8,3.2,0.024180984196233546,T1,2026-02-07
2026-02-08 07:00:00,3.1,3.6,0.023925366785947533,T1,2026-02-07
2026-02-08 08:00:00,7.1,4.3,0.37459959216941713,T1,2026-02-07
2026-02-08 09:00:00,12.7,4.3,0.9917186860711263,T1,2026-02-07
2026-02-08 10:00:00,17.0,3.9,0.9799939036470174,T1,2026-02-07
2026-02-08 11:00:00,19.4,2.8,0.9803135894472299,T1,2026-02-07
2026-02-08 12:00:00,22.1,0.8,0.9640368053938861,T1,2026-02-07
2026-02-08 13:00:00,22.2,-0.6,0.967877444605939,T1,2026-02-07
2026-02-08 14:00:00,24.5,-1.0,0.9640283905715346,T1,2026-02-07
2026-02-08 15:00:00,26.7,-0.4,0.9688049395203163,T1,2026-02-07
2026-02-08 16:00:00,26.6,-0.9,0.9678430547426675,T1,2026-02-07
2026-02-08 17:00:00,27.8,-1.3,0.9698675874365125,T1,2026-02-07
2026-02-08 18:00:00,29.9,-0.9,0.9692260840301664,T1,2026-02-07
2026-02-08 19:00:00,26.6,-1.0,0.8709989445544474,T1,2026-02-07
2026-02-08 20:00:00,26.2,-1.1,0.8623685543456663,T1,2026-02-07
2026-02-08 21:00:00,26.5,-1.1,0.8224400993983085,T1,2026-02-07
2026-02-08 22:00:00,25.6,-1.2,0.8387341221128194,T1,2026-02-07
2026-02-08 23:00:00,24.6,-1.4,0.8400195372014774,T1,2026-02-07
2026-02-09 00:00:00,22.4,-1.9,0.9967726525491472,T1,2026-02-07
2026-02-09 01:00:00,20.8,-2.8,0.9975594504486106,T1,2026-02-07
2026-02-09 02:00:00,20.6,-2.9,0.9974130978357001,T1,2026-02-07
2026-02-09 03:00:00,21.1,-2.2,0.9956679160331083,T1,2026-02-07
2026-02-09 04:00:00,20.1,0.3,0.9918332482600475,T1,2026-02-07
2026-02-09 05:00:00,22.1,3.1,0.994285967750123,T1,2026-02-07
2026-02-09 06:00:00,23.2,4.7,0.9937096556303008,T1,2026-02-07
2026-02-09 07:00:00,25.0,5.9,0.994091087103253,T1,2026-02-07
2026-02-09 08:00:00,23.8,6.7,1.0000603273843072,T1,2026-02-07
2026-02-09 09:00:00,20.9,6.9,1.0001634614214348,T1,2026-02-07
2026-02-09 10:00:00,18.1,6.5,1.0006329167717283,T1,2026-02-07
2026-02-09 11:00:00,16.6,5.4,0.991448689337365,T1,2026-02-07
2026-02-09 12:00:00,13.1,2.4,0.9874964323450234,T1,2026-02-07
2026-02-09 13:00:00,10.4,0.4,0.8907837040436105,T1,2026-02-07
2026-02-09 14:00:00,8.8,-0.6,0.6660836341377462,T1,2026-02-07
2026-02-09 15:00:00,7.8,-1.4,0.4856064634948481,T1,2026-02-07
2026-02-09 16:00:00,8.6,-0.7,0.6317820841804785,T1,2026-02-07
2026-02-09 17:00:00,5.2,-0.6,0.10161253093783418,T1,2026-02-07
2026-02-09 18:00:00,4.6,0.6,0.06670178424173467,T1,2026-02-07
2026-02-09 19:00:00,8.7,0.5,0.6582318708115615,T1,2026-02-07
2026-02-09 20:00:00,9.9,0.4,0.8345107621367828,T1,2026-02-07
2026-02-09 21:00:00,7.0,-0.7,0.3566513337651659,T1,2026-02-07
2026-02-09 22:00:00,5.8,-0.5,0.15352079437448704,T1,2026-02-07
2026-02-09 23:00:00,7.6,0.1,0.4532078672930345,T1,2026-02-07
2026-02-07 00:00:00,8.3,-0.7,0.5433031114781898,T2,2026-02-07
2026-02-07 01:00:00,0.7,-2.2,0.004880984955637047,T2,2026-02-07
2026-02-07 02:00:00,4.6,-3.1,0.03954264699822313,T2,2026-02-07
2026-02-07 03:00:00,9.4,-1.4,0.7071159573947488,T2,2026-02-07
2026-02-07 04:00:00,11.8,0.5,0.96554887546604,T2,2026-02-07
2026-02-07 05:00:00,16.7,1.5,0.977043328433068,T2,2026-02-07
2026-02-07 06:00:00,20.5,2.5,0.970134371427461,T2,2026-02-07
2026-02-07 07:00:00,18.6,3.0,0.9804097133602152,T2,2026-02-07
2026-02-07 08:00:00,18.1,3.4,0.9774756050040363,T2,2026-02-07
2026-02-07 09:00:00,14.4,4.0,0.9726151088554458,T2,2026-02-07
2026-02-07 10:00:00,12.9,3.6,0.9763387852601175,T2,2026-02-07
2026-02-07 11:00:00,8.4,2.2,0.5535472425204855,T2,2026-02-07
2026-02-07 12:00:00,10.2,0.9,0.8342059697295414,T2,2026-02-07
2026-02-07 13:00:00,13.3,0.3,0.9688596631887091,T2,2026-02-07
2026-02-07 14:00:00,14.8,0.2,0.9578447249860483,T2,2026-02-07
2026-02-07 15:00:00,13.6,-0.1,0.9633834183509354,T2,2026-02-07
2026-02-07 16:00:00,15.2,-0.5,0.880738292266759,T2,2026-02-07
2026-02-07 17:00:00,17.9,-0.8,0.8715537371162362,T2,2026-02-07
2026-02-07 18:00:00,18.4,-0.7,0.8767142263219793,T2,2026-02-07
2026-02-07 19:00:00,17.0,-1.0,0.8418256839174201,T2,2026-02-07
2026-02-07 20:00:00,16.3,-1.2,0.732474710616672,T2,2026-02-07
2026-02-07 21:00:00,18.6,-1.5,0.5933896772801088,T2,2026-02-07
2026-02-07 22:00:00,20.8,-1.5,0.610606895152705,T2,2026-02-07
2026-02-07 23:00:00,20.6,-1.0,0.6118382846379774,T2,2026-02-07
2026-02-08 00:00:00,19.1,-0.8,0.9773128750942577,T2,2026-02-07
2026-02-08 01:00:00,16.4,-0.6,0.9783315683866177,T2,2026-02-07
2026-02-08 02:00:00,11.3,-0.6,0.9632879849753253,T2,2026-02-07
2026-02-08 03:00:00,7.0,-0.6,0.32798168100870384,T2,2026-02-07
2026-02-08 04:00:00,5.4,0.1,0.1128652452313822,T2,2026-02-07
2026-02-08 05:00:00,3.3,0.5,0.0255703796715398,T2,2026-02-07
2026-02-08 06:00:00,2.8,3.2,0.026593523432125676,T2,2026-02-07
2026-02-08 07:00:00,3.1,3.6,0.027694049389874242,T2,2026-02-07
2026-02-08 08:00:00,7.1,4.3,0.3497014433917063,T2,2026-02-07
2026-02-08 09:00:00,12.7,4.3,0.9795870364103539,T2,2026-02-07
2026-02-08 10:00:00,17.0,3.9,0.989650915364984,T2,2026-02-07
2026-02-08 11:00:00,19.4,2.8,0.9852800997161326,T2,2026-02-07
2026-02-08 12:00:00,22.1,0.8,0.9848543928710087,T2,2026-02-07
2026-02-08 13:00:00,22.2,-0.6,0.9258917136255295,T2,2026-02-07
2026-02-08 14:00:00,24.5,-1.0,0.9236452524853641,T2,2026-02-07
2026-02-08 15:00:00,26.7,-0.4,0.9184384760458734,T2,2026-02-07
2026-02-08 16:00:00,26.6,-0.9,0.8805779727733772,T2,2026-02-07
2026-02-08 17:00:00,27.8,-1.3,0.8703764583675793,T2,2026-02-07
2026-02-08 18:00:00,29.9,-0.9,0.8553942145854898,T2,2026-02-07
2026-02-08 19:00:00,26.6,-1.0,0.8206385681741304,T2,2026-02-07
2026-02-08 20:00:00,26.2,-1.1,0.7093131632854941,T2,2026-02-07
2026-02-08 21:00:00,26.5,-1.1,0.5812064270195301,T2,2026-02-07
2026-02-08 22:00:00,25.6,-1.2,0.6015843899208675,T2,2026-02-07
2026-02-08 23:00:00,24.6,-1.4,0.6075088772759911,T2,2026-02-07
2026-02-09 00:00:00,22.4,-1.9,0.9250343437143606,T2,2026-02-07
2026-02-09 01:00:00,20.8,-2.8,0.924950133010921,T2,2026-02-07
2026-02-09 02:00:00,20.6,-2.9,0.9283792231627104,T2,2026-02-07
2026-02-09 03:00:00,21.1,-2.2,0.9386194009005545,T2,2026-02-07
2026-02-09 04:00:00,20.1,0.3,0.9043262095233516,T2,2026-02-07
2026-02-09 05:00:00,22.1,3.1,0.9024852833819818,T2,2026-02-07
2026-02-09 06:00:00,23.2,4.7,0.8644612563196477,T2,2026-02-07
2026-02-09 07:00:00,25.0,5.9,0.8893218251287385,T2,2026-02-07
2026-02-09 08:00:00,23.8,6.7,0.9089761935417907,T2,2026-02-07
2026-02-09 09:00:00,20.9,6.9,0.904539322162904,T2,2026-02-07
2026-02-09 10:00:00,18.1,6.5,0.8847660060202667,T2,2026-02-07
2026-02-09 11:00:00,16.6,5.4,0.8953122311352366,T2,2026-02-07
2026-02-09 12:00:00,13.1,2.4,0.9524812374315048,T2,2026-02-07
2026-02-09 13:00:00,10.4,0.4,0.8227955519750279,T2,2026-02-07
2026-02-09 14:00:00,8.8,-0.6,0.5660489934294802,T2,2026-02-07
2026-02-09 15:00:00,7.8,-1.4,0.3955591621143007,T2,2026-02-07
2026-02-09 16:00:00,8.6,-0.7,0.549678464083097,T2,2026-02-07
2026-02-09 17:00:00,5.2,-0.6,0.08924756548578217,T2,2026-02-07
2026-02-09 18:00:00,4.6,0.6,0.058161641319974144,T2,2026-02-07
2026-02-09 19:00:00,8.7,0.5,0.5898083679490127,T2,2026-02-07
2026-02-09 20:00:00,9.9,0.4,0.7909740229508974,T2,2026-02-07
2026-02-09 21:00:00,7.0,-0.7,0.31687168941566934,T2,2026-02-07
2026-02-09 22:00:00,5.8,-0.5,0.1584356860543922,T2,2026-02-07
2026-02-09 23:00:00,7.6,0.1,0.3878933224925932,T2,2026-02-07
2026-02-08 00:00:00,19.1,-0.8,0.9318098339284903,T1,2026-02-08
2026-02-08 01:00:00,16.4,-0.6,0.9328162784621695,T1,2026-02-08
2026-02-08 02:00:00,11.3,-0.6,0.9736139316990909,T1,2026-02-08
2026-02-08 03:00:00,7.0,-0.6,0.3581511532734518,T1,2026-02-08
2026-02-08 04:00:00,5.4,0.1,0.1357961422642162,T1,2026-02-08
2026-02-08 05:00:00,3.3,0.5,0.02635775601830259,T1,2026-02-08
2026-02-08 06:00:00,2.8,3.2,0.024180984196233546,T1,2026-02-08
2026-02-08 07:00:00,3.1,3.6,0.023925366785947533,T1,2026-02-08
2026-02-08 08:00:00,7.1,4.3,0.37459959216941713,T1,2026-02-08
2026-02-08 09:00:00,12.7,4.3,0.9917186860711263,T1,2026-02-08
2026-02-08 10:00:00,17.0,3.9,0.9799939036470174,T1,2026-02-08
2026-02-08 11:00:00,19.4,2.8,0.9803135894472299,T1,2026-02-08
2026-02-08 12:00:00,22.1,0.8,0.9640368053938861,T1,2026-02-08
2026-02-08 13:00:00,22.2,-0.6,0.967877444605939,T1,2026-02-08
2026-02-08 14:00:00,24.5,-1.0,0.9640283905715346,T1,2026-02-08
2026-02-08 15:00:00,26.7,-0.4,0.9688049395203163,T1,2026-02-08
2026-02-08 16:00:00,26.6,-0.9,0.9678430547426675,T1,2026-02-08
2026-02-08 17:00:00,27.8,-1.3,0.9698675874365125,T1,2026-02-08
2026-02-08 18:00:00,29.9,-0.9,0.9692260840301664,T1,2026-02-08
2026-02-08 19:00:00,26.6,-1.0,0.8709989445544474,T1,2026-02-08
2026-02-08 20:00:00,26.2,-1.1,0.8623685543456663,T1,2026-02-08
2026-02-08 21:00:00,26.5,-1.1,0.8224400993983085,T1,2026-02-08
2026-02-08 22:00:00,25.6,-1.2,0.8387341221128194,T1,2026-02-08
2026-02-08 23:00:00,24.6,-1.4,0.8400195372014774,T1,2026-02-08
2026-02-09 00:00:00,22.4,-1.9,0.9967726525491472,T1,2026-02-08
2026-02-09 01:00:00,20.8,-2.8,0.9975594504486106,T1,2026-02-08
2026-02-09 02:00:00,20.6,-2.9,0.9974130978357001,T1,2026-02-08
2026-02-09 03:00:00,21.1,-2.2,0.9956679160331083,T1,2026-02-08
2026-02-09 04:00:00,20.1,0.3,0.9918332482600475,T1,2026-02-08
2026-02-09 05:00:00,22.1,3.1,0.994285967750123,T1,2026-02-08
2026-02-09 06:00:00,23.2,4.7,0.9937096556303008,T1,2026-02-08
2026-02-09 07:00:00,25.0,5.9,0.994091087103253,T1,2026-02-08
2026-02-09 08:00:00,23.8,6.7,1.0000603273843072,T1,2026-02-08
2026-02-09 09:00:00,20.9,6.9,1.0001634614214348,T1,2026-02-08
2026-02-09 10:00:00,18.1,6.5,1.0006329167717283,T1,2026-02-08
2026-02-09 11:00:00,16.6,5.4,0.991448689337365,T1,2026-02-08
2026-02-09 12:00:00,13.1,2.4,0.9874964323450234,T1,2026-02-08
2026-02-09 13:00:00,10.4,0.4,0.8907837040436105,T1,2026-02-08
2026-02-09 14:00:00,8.8,-0.6,0.6660836341377462,T1,2026-02-08
2026-02-09 15:00:00,7.8,-1.4,0.4856064634948481,T1,2026-02-08
2026-02-09 16:00:00,8.6,-0.7,0.6317820841804785,T1,2026-02-08
2026-02-09 17:00:00,5.2,-0.6,0.10161253093783418,T1,2026-02-08
2026-02-09 18:00:00,4.6,0.6,0.06670178424173467,T1,2026-02-08
2026-02-09 19:00:00,8.7,0.5,0.6582318708115615,T1,2026-02-08
2026-02-09 20:00:00,9.9,0.4,0.8345107621367828,T1,2026-02-08
2026-02-09 21:00:00,7.0,-0.7,0.3566513337651659,T1,2026-02-08
2026-02-09 22:00:00,5.8,-0.5,0.15352079437448704,T1,2026-02-08
2026-02-09 23:00:00,7.6,0.1,0.4532078672930345,T1,2026-02-08
2026-02-10 00:00:00,4.8,1.0,0.0892472699309671,T1,2026-02-08
2026-02-10 01:00:00,0.5,2.6,0.01120160286984434,T1,2026-02-08
2026-02-10 02:00:00,6.8,-0.2,0.3228907826904579,T1,2026-02-08
2026-02-10 03:00:00,6.6,1.6,0.29461068903319043,T1,2026-02-08
2026-02-10 04:00:00,7.8,5.0,0.5123559414206627,T1,2026-02-08
2026-02-10 05:00:00,12.4,6.2,0.9954392128061244,T1,2026-02-08
2026-02-10 06:00:00,8.2,7.2,0.559932761850324,T1,2026-02-08
2026-02-10 07:00:00,11.1,7.9,0.9613900275317357,T1,2026-02-08
2026-02-10 08:00:00,15.7,9.6,1.0024846729381975,T1,2026-02-08
2026-02-10 09:00:00,18.9,11.4,1.0012084458058748,T1,2026-02-08
2026-02-10 10:00:00,14.9,11.0,1.0021245930752305,T1,2026-02-08
2026-02-10 11:00:00,10.7,8.8,0.9260443676081656,T1,2026-02-08
2026-02-10 12:00:00,13.9,6.1,0.9969988448917514,T1,2026-02-08
2026-02-10 13:00:00,12.7,4.0,0.9878167645563576,T1,2026-02-08
2026-02-10 14:00:00,11.7,2.5,0.9849214828990807,T1,2026-02-08
2026-02-10 15:00:00,12.3,1.1,0.9917000512997427,T1,2026-02-08
2026-02-10 16:00:00,17.0,1.6,0.9741195638314225,T1,2026-02-08
2026-02-10 17:00:00,20.6,1.4,0.9754338391997278,T1,2026-02-08
2026-02-10 18:00:00,21.0,1.6,0.9744325189067665,T1,2026-02-08
2026-02-10 19:00:00,23.8,2.6,0.9574103885746246,T1,2026-02-08
2026-02-10 20:00:00,22.1,2.1,0.9333473649993052,T1,2026-02-08
2026-02-10 21:00:00,17.0,0.8,0.8706986138927666,T1,2026-02-08
2026-02-10 22:00:00,14.1,-0.1,0.7696332728947617,T1,2026-02-08
2026-02-10 23:00:00,6.5,-0.7,0.2667297741743984,T1,2026-02-08
2026-02-08 00:00:00,19.1,-0.8,0.9773128750942577,T2,2026-02-08
2026-02-08 01:00:00,16.4,-0.6,0.9783315683866177,T2,2026-02-08
2026-02-08 02:00:00,11.3,-0.6,0.9632879849753253,T2,2026-02-08
2026-02-08 03:00:00,7.0,-0.6,0.32798168100870384,T2,2026-02-08
2026-02-08 04:00:00,5.4,0.1,0.1128652452313822,T2,2026-02-08
2026-02-08 05:00:00,3.3,0.5,0.0255703796715398,T2,2026-02-08
2026-02-08 06:00:00,2.8,3.2,0.026593523432125676,T2,2026-02-08
2026-02-08 07:00:00,3.1,3.6,0.027694049389874242,T2,2026-02-08
2026-02-08 08:00:00,7.1,4.3,0.3497014433917063,T2,2026-02-08
2026-02-08 09:00:00,12.7,4.3,0.9795870364103539,T2,2026-02-08
2026-02-08 10:00:00,17.0,3.9,0.989650915364984,T2,2026-02-08
2026-02-08 11:00:00,19.4,2.8,0.9852800997161326,T2,2026-02-08
2026-02-08 12:00:00,22.1,0.8,0.9848543928710087,T2,2026-02-08
2026-02-08 13:00:00,22.2,-0.6,0.9258917136255295,T2,2026-02-08
2026-02-08 14:00:00,24.5,-1.0,0.9236452524853641,T2,2026-02-08
2026-02-08 15:00:00,26.7,-0.4,0.9184384760458734,T2,2026-02-08
2026-02-08 16:00:00,26.6,-0.9,0.8805779727733772,T2,2026-02-08
2026-02-08 17:00:00,27.8,-1.3,0.8703764583675793,T2,2026-02-08
2026-02-08 18:00:00,29.9,-0.9,0.8553942145854898,T2,2026-02-08
2026-02-08 19:00:00,26.6,-1.0,0.8206385681741304,T2,2026-02-08
2026-02-08 20:00:00,26.2,-1.1,0.7093131632854941,T2,2026-02-08
2026-02-08 21:00:00,26.5,-1.1,0.5812064270195301,T2,2026-02-08
2026-02-08 22:00:00,25.6,-1.2,0.6015843899208675,T2,2026-02-08
2026-02-08 23:00:00,24.6,-1.4,0.6075088772759911,T2,2026-02-08
2026-02-09 00:00:00,22.4,-1.9,0.9250343437143606,T2,2026-02-08
2026-02-09 01:00:00,20.8,-2.8,0.924950133010921,T2,2026-02-08
2026-02-09 02:00:00,20.6,-2.9,0.9283792231627104,T2,2026-02-08
2026-02-09 03:00:00,21.1,-2.2,0.9386194009005545,T2,2026-02-08
2026-02-09 04:00:00,20.1,0.3,0.9043262095233516,T2,2026-02-08
2026-02-09 05:00:00,22.1,3.1,0.9024852833819818,T2,2026-02-08
2026-02-09 06:00:00,23.2,4.7,0.8644612563196477,T2,2026-02-08
2026-02-09 07:00:00,25.0,5.9,0.8893218251287385,T2,2026-02-08
2026-02-09 08:00:00,23.8,6.7,0.9089761935417907,T2,2026-02-08
2026-02-09 09:00:00,20.9,6.9,0.904539322162904,T2,2026-02-08
2026-02-09 10:00:00,18.1,6.5,0.8847660060202667,T2,2026-02-08
2026-02-09 11:00:00,16.6,5.4,0.8953122311352366,T2,2026-02-08
2026-02-09 12:00:00,13.1,2.4,0.9524812374315048,T2,2026-02-08
2026-02-09 13:00:00,10.4,0.4,0.8227955519750279,T2,2026-02-08
2026-02-09 14:00:00,8.8,-0.6,0.5660489934294802,T2,2026-02-08
2026-02-09 15:00:00,7.8,-1.4,0.3955591621143007,T2,2026-02-08
2026-02-09 16:00:00,8.6,-0.7,0.549678464083097,T2,2026-02-08
2026-02-09 17:00:00,5.2,-0.6,0.08924756548578217,T2,2026-02-08
2026-02-09 18:00:00,4.6,0.6,0.058161641319974144,T2,2026-02-08
2026-02-09 19:00:00,8.7,0.5,0.5898083679490127,T2,2026-02-08
2026-02-09 20:00:00,9.9,0.4,0.7909740229508974,T2,2026-02-08
2026-02-09 21:00:00,7.0,-0.7,0.31687168941566934,T2,2026-02-08
2026-02-09 22:00:00,5.8,-0.5,0.1584356860543922,T2,2026-02-08
2026-02-09 23:00:00,7.6,0.1,0.3878933224925932,T2,2026-02-08
2026-02-10 00:00:00,4.8,1.0,0.07720133254027362,T2,2026-02-08
2026-02-10 01:00:00,0.5,2.6,0.012916962896394102,T2,2026-02-08
2026-02-10 02:00:00,6.8,-0.2,0.2962768830355299,T2,2026-02-08
2026-02-10 03:00:00,6.6,1.6,0.2713692688767959,T2,2026-02-08
2026-02-10 04:00:00,7.8,5.0,0.45953679874250647,T2,2026-02-08
2026-02-10 05:00:00,12.4,6.2,0.9787110034691795,T2,2026-02-08
2026-02-10 06:00:00,8.2,7.2,0.5281439098239531,T2,2026-02-08
2026-02-10 07:00:00,11.1,7.9,0.9463905340211823,T2,2026-02-08
2026-02-10 08:00:00,15.7,9.6,0.9757274216173838,T2,2026-02-08
2026-02-10 09:00:00,18.9,11.4,0.9672177292694416,T2,2026-02-08
2026-02-10 10:00:00,14.9,11.0,0.9697356561948522,T2,2026-02-08
2026-02-10 11:00:00,10.7,8.8,0.9009240249024185,T2,2026-02-08
2026-02-10 12:00:00,13.9,6.1,0.9522406437403299,T2,2026-02-08
2026-02-10 13:00:00,12.7,4.0,0.9714378697281209,T2,2026-02-08
2026-02-10 14:00:00,11.7,2.5,0.9657127060767032,T2,2026-02-08
2026-02-10 15:00:00,12.3,1.1,0.9712369573253685,T2,2026-02-08
2026-02-10 16:00:00,17.0,1.6,0.9146686544617855,T2,2026-02-08
2026-02-10 17:00:00,20.6,1.4,0.8998638719858869,T2,2026-02-08
2026-02-10 18:00:00,21.0,1.6,0.902173573159004,T2,2026-02-08
2026-02-10 19:00:00,23.8,2.6,0.866746116518589,T2,2026-02-08
2026-02-10 20:00:00,22.1,2.1,0.6972891240454006,T2,2026-02-08
2026-02-10 21:00:00,17.0,0.8,0.5730080171550959,T2,2026-02-08
2026-02-10 22:00:00,14.1,-0.1,0.7881725441327634,T2,2026-02-08
2026-02-10 23:00:00,6.5,-0.7,0.2514082198116909,T2,2026-02-08
2026-02-09 00:00:00,22.4,-1.9,0.9967726525491472,T1,2026-02-09
2026-02-09 01:00:00,20.8,-2.8,0.9975594504486106,T1,2026-02-09
2026-02-09 02:00:00,20.6,-2.9,0.9974130978357001,T1,2026-02-09
2026-02-09 03:00:00,21.1,-2.2,0.9956679160331083,T1,2026-02-09
2026-02-09 04:00:00,20.1,0.3,0.9918332482600475,T1,2026-02-09
2026-02-09 05:00:00,22.1,3.1,0.994285967750123,T1,2026-02-09
2026-02-09 06:00:00,23.2,4.7,0.9937096556303008,T1,2026-02-09
2026-02-09 07:00:00,25.0,5.9,0.994091087103253,T1,2026-02-09
2026-02-09 08:00:00,23.8,6.7,1.0000603273843072,T1,2026-02-09
2026-02-09 09:00:00,20.9,6.9,1.0001634614214348,T1,2026-02-09
2026-02-09 10:00:00,18.1,6.5,1.0006329167717283,T1,2026-02-09
2026-02-09 11:00:00,16.6,5.4,0.991448689337365,T1,2026-02-09
2026-02-09 12:00:00,13.1,2.4,0.9874964323450234,T1,2026-02-09
2026-02-09 13:00:00,10.4,0.4,0.8907837040436105,T1,2026-02-09
2026-02-09 14:00:00,8.8,-0.6,0.6660836341377462,T1,2026-02-09
2026-02-09 15:00:00,7.8,-1.4,0.4856064634948481,T1,2026-02-09
2026-02-09 16:00:00,8.6,-0.7,0.6317820841804785,T1,2026-02-09
2026-02-09 17:00:00,5.2,-0.6,0.10161253093783418,T1,2026-02-09
2026-02-09 18:00:00,4.6,0.6,0.06670178424173467,T1,2026-02-09
2026-02-09 19:00:00,8.7,0.5,0.6582318708115615,T1,2026-02-09
2026-02-09 20:00:00,9.9,0.4,0.8345107621367828,T1,2026-02-09
2026-02-09 21:00:00,7.0,-0.7,0.3566513337651659,T1,2026-02-09
2026-02-09 22:00:00,5.8,-0.5,0.15352079437448704,T1,2026-02-09
2026-02-09 23:00:00,7.6,0.1,0.4532078672930345,T1,2026-02-09
2026-02-10 00:00:00,4.8,1.0,0.0892472699309671,T1,2026-02-09
2026-02-10 01:00:00,0.5,2.6,0.01120160286984434,T1,2026-02-09
2026-02-10 02:00:00,6.8,-0.2,0.3228907826904579,T1,2026-02-09
2026-02-10 03:00:00,6.6,1.6,0.29461068903319043,T1,2026-02-09
2026-02-10 04:00:00,7.8,5.0,0.5123559414206627,T1,2026-02-09
2026-02-10 05:00:00,12.4,6.2,0.9954392128061244,T1,2026-02-09
2026-02-10 06:00:00,8.2,7.2,0.559932761850324,T1,2026-02-09
2026-02-10 07:00:00,11.1,7.9,0.9613900275317357,T1,2026-02-09
2026-02-10 08:00:00,15.7,9.6,1.0024846729381975,T1,2026-02-09
2026-02-10 09:00:00,18.9,11.4,1.0012084458058748,T1,2026-02-09
2026-02-10 10:00:00,14.9,11.0,1.0021245930752305,T1,2026-02-09
2026-02-10 11:00:00,10.7,8.8,0.9260443676081656,T1,2026-02-09
2026-02-10 12:00:00,13.9,6.1,0.9969988448917514,T1,2026-02-09
2026-02-10 13:00:00,12.7,4.0,0.9878167645563576,T1,2026-02-09
2026-02-10 14:00:00,11.7,2.5,0.9849214828990807,T1,2026-02-09
2026-02-10 15:00:00,12.3,1.1,0.9917000512997427,T1,2026-02-09
2026-02-10 16:00:00,17.0,1.6,0.9741195638314225,T1,2026-02-09
2026-02-10 17:00:00,20.6,1.4,0.9754338391997278,T1,2026-02-09
2026-02-10 18:00:00,21.0,1.6,0.9744325189067665,T1,2026-02-09
2026-02-10 19:00:00,23.8,2.6,0.9574103885746246,T1,2026-02-09
2026-02-10 20:00:00,22.1,2.1,0.9333473649993052,T1,2026-02-09
2026-02-10 21:00:00,17.0,0.8,0.8706986138927666,T1,2026-02-09
2026-02-10 22:00:00,14.1,-0.1,0.7696332728947617,T1,2026-02-09
2026-02-10 23:00:00,6.5,-0.7,0.2667297741743984,T1,2026-02-09
2026-02-11 00:00:00,4.8,-0.5,0.07893252955230157,T1,2026-02-09
2026-02-11 01:00:00,14.6,1.3,0.9953235160406719,T1,2026-02-09
2026-02-11 02:00:00,11.0,1.5,0.9616219541493928,T1,2026-02-09
2026-02-11 03:00:00,7.6,2.8,0.4637983018461095,T1,2026-02-09
2026-02-11 04:00:00,11.2,5.7,0.9690393620314917,T1,2026-02-09
2026-02-11 05:00:00,13.9,8.1,0.9912236973120703,T1,2026-02-09
2026-02-11 06:00:00,25.2,8.8,0.9942579804557103,T1,2026-02-09
2026-02-11 07:00:00,23.5,8.7,0.996285507205975,T1,2026-02-09
2026-02-11 08:00:00,16.6,8.7,0.9961344260939256,T1,2026-02-09
2026-02-11 09:00:00,22.0,9.7,1.0033361362417699,T1,2026-02-09
2026-02-11 10:00:00,24.6,6.3,0.9916077874063715,T1,2026-02-09
2026-02-11 11:00:00,24.0,4.4,0.9845714793073832,T1,2026-02-09
2026-02-11 12:00:00,27.5,2.6,0.9625040006648712,T1,2026-02-09
2026-02-11 13:00:00,29.6,2.7,0.9639768315953299,T1,2026-02-09
2026-02-11 14:00:00,25.0,1.4,0.9652457340024664,T1,2026-02-09
2026-02-11 15:00:00,21.4,0.6,0.9640466170890496,T1,2026-02-09
2026-02-11 16:00:00,20.4,0.3,0.9637433061195421,T1,2026-02-09
2026-02-11 17:00:00,21.4,0.3,0.964559098691125,T1,2026-02-09
2026-02-11 18:00:00,16.8,0.1,0.9603112702044383,T1,2026-02-09
2026-02-11 19:00:00,13.8,0.1,0.9773648596173791,T1,2026-02-09
2026-02-11 20:00:00,11.2,0.0,0.9756454950682687,T1,2026-02-09
2026-02-11 21:00:00,9.0,0.4,0.6999372409351723,T1,2026-02-09
2026-02-11 22:00:00,6.1,0.2,0.20655282949817322,T1,2026-02-09
2026-02-11 23:00:00,4.2,-0.1,0.05295347472262307,T1,2026-02-09
2026-02-09 00:00:00,22.4,-1.9,0.9250343437143606,T2,2026-02-09
2026-02-09 01:00:00,20.8,-2.8,0.924950133010921,T2,2026-02-09
2026-02-09 02:00:00,20.6,-2.9,0.9283792231627104,T2,2026-02-09
2026-02-09 03:00:00,21.1,-2.2,0.9386194009005545,T2,2026-02-09
2026-02-09 04:00:00,20.1,0.3,0.9043262095233516,T2,2026-02-09
2026-02-09 05:00:00,22.1,3.1,0.9024852833819818,T2,2026-02-09
2026-02-09 06:00:00,23.2,4.7,0.8644612563196477,T2,2026-02-09
2026-02-09 07:00:00,25.0,5.9,0.8893218251287385,T2,2026-02-09
2026-02-09 08:00:00,23.8,6.7,0.9089761935417907,T2,2026-02-09
2026-02-09 09:00:00,20.9,6.9,0.904539322162904,T2,2026-02-09
2026-02-09 10:00:00,18.1,6.5,0.8847660060202667,T2,2026-02-09
2026-02-09 11:00:00,16.6,5.4,0.8953122311352366,T2,2026-02-09
2026-02-09 12:00:00,13.1,2.4,0.9524812374315048,T2,2026-02-09
2026-02-09 13:00:00,10.4,0.4,0.8227955519750279,T2,2026-02-09
2026-02-09 14:00:00,8.8,-0.6,0.5660489934294802,T2,2026-02-09
2026-02-09 15:00:00,7.8,-1.4,0.3955591621143007,T2,2026-02-09
2026-02-09 16:00:00,8.6,-0.7,0.549678464083097,T2,2026-02-09
2026-02-09 17:00:00,5.2,-0.6,0.08924756548578217,T2,2026-02-09
2026-02-09 18:00:00,4.6,0.6,0.058161641319974144,T2,2026-02-09
2026-02-09 19:00:00,8.7,0.5,0.5898083679490127,T2,2026-02-09
2026-02-09 20:00:00,9.9,0.4,0.7909740229508974,T2,2026-02-09
2026-02-09 21:00:00,7.0,-0.7,0.31687168941566934,T2,2026-02-09
2026-02-09 22:00:00,5.8,-0.5,0.1584356860543922,T2,2026-02-09
2026-02-09 23:00:00,7.6,0.1,0.3878933224925932,T2,2026-02-09
2026-02-10 00:00:00,4.8,1.0,0.07720133254027362,T2,2026-02-09
2026-02-10 01:00:00,0.5,2.6,0.012916962896394102,T2,2026-02-09
2026-02-10 02:00:00,6.8,-0.2,0.2962768830355299,T2,2026-02-09
2026-02-10 03:00:00,6.6,1.6,0.2713692688767959,T2,2026-02-09
2026-02-10 04:00:00,7.8,5.0,0.45953679874250647,T2,2026-02-09
2026-02-10 05:00:00,12.4,6.2,0.9787110034691795,T2,2026-02-09
2026-02-10 06:00:00,8.2,7.2,0.5281439098239531,T2,2026-02-09
2026-02-10 07:00:00,11.1,7.9,0.9463905340211823,T2,2026-02-09
2026-02-10 08:00:00,15.7,9.6,0.9757274216173838,T2,2026-02-09
2026-02-10 09:00:00,18.9,11.4,0.9672177292694416,T2,2026-02-09
2026-02-10 10:00:00,14.9,11.0,0.9697356561948522,T2,2026-02-09
2026-02-10 11:00:00,10.7,8.8,0.9009240249024185,T2,2026-02-09
2026-02-10 12:00:00,13.9,6.1,0.9522406437403299,T2,2026-02-09
2026-02-10 13:00:00,12.7,4.0,0.9714378697281209,T2,2026-02-09
2026-02-10 14:00:00,11.7,2.5,0.9657127060767032,T2,2026-02-09
2026-02-10 15:00:00,12.3,1.1,0.9712369573253685,T2,2026-02-09
2026-02-10 16:00:00,17.0,1.6,0.9146686544617855,T2,2026-02-09
2026-02-10 17:00:00,20.6,1.4,0.8998638719858869,T2,2026-02-09
2026-02-10 18:00:00,21.0,1.6,0.902173573159004,T2,2026-02-09
2026-02-10 19:00:00,23.8,2.6,0.866746116518589,T2,2026-02-09
2026-02-10 20:00:00,22.1,2.1,0.6972891240454006,T2,2026-02-09
2026-02-10 21:00:00,17.0,0.8,0.5730080171550959,T2,2026-02-09
2026-02-10 22:00:00,14.1,-0.1,0.7881725441327634,T2,2026-02-09
2026-02-10 23:00:00,6.5,-0.7,0.2514082198116909,T2,2026-02-09
2026-02-11 00:00:00,4.8,-0.5,0.07749533188068164,T2,2026-02-09
2026-02-11 01:00:00,14.6,1.3,0.9709368203733331,T2,2026-02-09
2026-02-11 02:00:00,11.0,1.5,0.9410968150065109,T2,2026-02-09
2026-02-11 03:00:00,7.6,2.8,0.4324612024790141,T2,2026-02-09
2026-02-11 04:00:00,11.2,5.7,0.9526455791358217,T2,2026-02-09
2026-02-11 05:00:00,13.9,8.1,0.9773123475607621,T2,2026-02-09
2026-02-11 06:00:00,25.2,8.8,0.9812597442983731,T2,2026-02-09
2026-02-11 07:00:00,23.5,8.7,0.9796802556091153,T2,2026-02-09
2026-02-11 08:00:00,16.6,8.7,0.9780888784971469,T2,2026-02-09
2026-02-11 09:00:00,22.0,9.7,0.9778385807317256,T2,2026-02-09
2026-02-11 10:00:00,24.6,6.3,0.9798705604660171,T2,2026-02-09
2026-02-11 11:00:00,24.0,4.4,0.9691809057269153,T2,2026-02-09
2026-02-11 12:00:00,27.5,2.6,0.9698613937342228,T2,2026-02-09
2026-02-11 13:00:00,29.6,2.7,0.9706421245675677,T2,2026-02-09
2026-02-11 14:00:00,25.0,1.4,0.9601461263970876,T2,2026-02-09
2026-02-11 15:00:00,21.4,0.6,0.9302087436145132,T2,2026-02-09
2026-02-11 16:00:00,20.4,0.3,0.8914738908160202,T2,2026-02-09
2026-02-11 17:00:00,21.4,0.3,0.8768000623946484,T2,2026-02-09
2026-02-11 18:00:00,16.8,0.1,0.8796489202060392,T2,2026-02-09
2026-02-11 19:00:00,13.8,0.1,0.9799463083857647,T2,2026-02-09
2026-02-11 20:00:00,11.2,0.0,0.9685274253114439,T2,2026-02-09
2026-02-11 21:00:00,9.0,0.4,0.6708113771491915,T2,2026-02-09
2026-02-11 22:00:00,6.1,0.2,0.19980944272583528,T2,2026-02-09
2026-02-11 23:00:00,4.2,-0.1,0.04371107879010694,T2,2026-02-09
2026-02-10 00:00:00,4.8,1.0,0.0892472699309671,T1,2026-02-10
2026-02-10 01:00:00,0.5,2.6,0.01120160286984434,T1,2026-02-10
2026-02-10 02:00:00,6.8,-0.2,0.3228907826904579,T1,2026-02-10
2026-02-10 03:00:00,6.6,1.6,0.29461068903319043,T1,2026-02-10
2026-02-10 04:00:00,7.8,5.0,0.5123559414206627,T1,2026-02-10
2026-02-10 05:00:00,12.4,6.2,0.9954392128061244,T1,2026-02-10
2026-02-10 06:00:00,8.2,7.2,0.559932761850324,T1,2026-02-10
2026-02-10 07:00:00,11.1,7.9,0.9613900275317357,T1,2026-02-10
2026-02-10 08:00:00,15.7,9.6,1.0024846729381975,T1,2026-02-10
2026-02-10 09:00:00,18.9,11.4,1.0012084458058748,T1,2026-02-10
2026-02-10 10:00:00,14.9,11.0,1.0021245930752305,T1,2026-02-10
2026-02-10 11:00:00,10.7,8.8,0.9260443676081656,T1,2026-02-10
2026-02-10 12:00:00,13.9,6.1,0.9969988448917514,T1,2026-02-10
2026-02-10 13:00:00,12.7,4.0,0.9878167645563576,T1,2026-02-10
2026-02-10 14:00:00,11.7,2.5,0.9849214828990807,T1,2026-02-10
2026-02-10 15:00:00,12.3,1.1,0.9917000512997427,T1,2026-02-10
2026-02-10 16:00:00,17.0,1.6,0.9741195638314225,T1,2026-02-10
2026-02-10 17:00:00,20.6,1.4,0.9754338391997278,T1,2026-02-10
2026-02-10 18:00:00,21.0,1.6,0.9744325189067665,T1,2026-02-10
2026-02-10 19:00:00,23.8,2.6,0.9574103885746246,T1,2026-02-10
2026-02-10 20:00:00,22.1,2.1,0.9333473649993052,T1,2026-02-10
2026-02-10 21:00:00,17.0,0.8,0.8706986138927666,T1,2026-02-10
2026-02-10 22:00:00,14.1,-0.1,0.7696332728947617,T1,2026-02-10
2026-02-10 23:00:00,6.5,-0.7,0.2667297741743984,T1,2026-02-10
2026-02-11 00:00:00,4.8,-0.5,0.07893252955230157,T1,2026-02-10
2026-02-11 01:00:00,14.6,1.3,0.9953235160406719,T1,2026-02-10
2026-02-11 02:00:00,11.0,1.5,0.9616219541493928,T1,2026-02-10
2026-02-11 03:00:00,7.6,2.8,0.4637983018461095,T1,2026-02-10
2026-02-11 04:00:00,11.2,5.7,0.9690393620314917,T1,2026-02-10
2026-02-11 05:00:00,13.9,8.1,0.9912236973120703,T1,2026-02-10
2026-02-11 06:00:00,25.2,8.8,0.9942579804557103,T1,2026-02-10
2026-02-11 07:00:00,23.5,8.7,0.996285507205975,T1,2026-02-10
2026-02-11 08:00:00,16.6,8.7,0.9961344260939256,T1,2026-02-10
2026-02-11 09:00:00,22.0,9.7,1.0033361362417699,T1,2026-02-10
2026-02-11 10:00:00,24.6,6.3,0.9916077874063715,T1,2026-02-10
2026-02-11 11:00:00,24.0,4.4,0.9845714793073832,T1,2026-02-10
2026-02-11 12:00:00,27.5,2.6,0.9625040006648712,T1,2026-02-10
2026-02-11 13:00:00,29.6,2.7,0.9639768315953299,T1,2026-02-10
2026-02-11 14:00:00,25.0,1.4,0.9652457340024664,T1,2026-02-10
2026-02-11 15:00:00,21.4,0.6,0.9640466170890496,T1,2026-02-10
2026-02-11 16:00:00,20.4,0.3,0.9637433061195421,T1,2026-02-10
2026-02-11 17:00:00,21.4,0.3,0.964559098691125,T1,2026-02-10
2026-02-11 18:00:00,16.8,0.1,0.9603112702044383,T1,2026-02-10
2026-02-11 19:00:00,13.8,0.1,0.9773648596173791,T1,2026-02-10
2026-02-11 20:00:00,11.2,0.0,0.9756454950682687,T1,2026-02-10
2026-02-11 21:00:00,9.0,0.4,0.6999372409351723,T1,2026-02-10
2026-02-11 22:00:00,6.1,0.2,0.20655282949817322,T1,2026-02-10
2026-02-11 23:00:00,4.2,-0.1,0.05295347472262307,T1,2026-02-10
2026-02-12 00:00:00,4.2,0.4,0.06182938220575812,T1,2026-02-10
2026-02-12 01:00:00,1.4,-0.1,0.01094268313572938,T1,2026-02-10
2026-02-12 02:00:00,4.5,-0.3,0.06473085936350365,T1,2026-02-10
2026-02-12 03:00:00,1.7,0.2,0.01221627736597769,T1,2026-02-10
2026-02-12 04:00:00,5.5,0.4,0.1441516527976877,T1,2026-02-10
2026-02-12 05:00:00,7.5,0.4,0.446554584051036,T1,2026-02-10
2026-02-12 06:00:00,7.4,0.2,0.430825450028844,T1,2026-02-10
2026-02-12 07:00:00,10.6,1.7,0.9180812246522361,T1,2026-02-10
2026-02-12 08:00:00,10.1,2.7,0.8711356629061066,T1,2026-02-10
2026-02-12 09:00:00,7.4,3.1,0.4347002619569727,T1,2026-02-10
2026-02-12 10:00:00,8.8,2.6,0.6673346607594246,T1,2026-02-10
2026-02-12 11:00:00,8.9,2.4,0.6827941206593973,T1,2026-02-10
2026-02-12 12:00:00,4.2,1.5,0.0561831582935543,T1,2026-02-10
2026-02-12 13:00:00,8.7,0.4,0.648199917984468,T1,2026-02-10
2026-02-12 14:00:00,10.2,-0.5,0.8675001696909477,T1,2026-02-10
2026-02-12 15:00:00,6.7,-0.5,0.2905930814847551,T1,2026-02-10
2026-02-12 16:00:00,1.0,-1.2,0.0024366432496912283,T1,2026-02-10
2026-02-12 17:00:00,5.5,-1.7,0.11829720474822447,T1,2026-02-10
2026-02-12 18:00:00,2.8,-1.5,0.00933670656774005,T1,2026-02-10
2026-02-12 19:00:00,3.3,-1.3,0.017969036990986675,T1,2026-02-10
2026-02-12 20:00:00,5.2,-1.5,0.09985805143356741,T1,2026-02-10
2026-02-12 21:00:00,3.8,-1.8,0.028844481085572138,T1,2026-02-10
2026-02-12 22:00:00,3.1,-1.9,0.013421492339323604,T1,2026-02-10
2026-02-12 23:00:00,2.9,-2.0,0.012062842030195253,T1,2026-02-10
2026-02-10 00:00:00,4.8,1.0,0.07720133254027362,T2,2026-02-10
2026-02-10 01:00:00,0.5,2.6,0.012916962896394102,T2,2026-02-10
2026-02-10 02:00:00,6.8,-0.2,0.2962768830355299,T2,2026-02-10
2026-02-10 03:00:00,6.6,1.6,0.2713692688767959,T2,2026-02-10
2026-02-10 04:00:00,7.8,5.0,0.45953679874250647,T2,2026-02-10
2026-02-10 05:00:00,12.4,6.2,0.9787110034691795,T2,2026-02-10
2026-02-10 06:00:00,8.2,7.2,0.5281439098239531,T2,2026-02-10
2026-02-10 07:00:00,11.1,7.9,0.9463905340211823,T2,2026-02-10
2026-02-10 08:00:00,15.7,9.6,0.9757274216173838,T2,2026-02-10
2026-02-10 09:00:00,18.9,11.4,0.9672177292694416,T2,2026-02-10
2026-02-10 10:00:00,14.9,11.0,0.9697356561948522,T2,2026-02-10
2026-02-10 11:00:00,10.7,8.8,0.9009240249024185,T2,2026-02-10
2026-02-10 12:00:00,13.9,6.1,0.9522406437403299,T2,2026-02-10
2026-02-10 13:00:00,12.7,4.0,0.9714378697281209,T2,2026-02-10
2026-02-10 14:00:00,11.7,2.5,0.9657127060767032,T2,2026-02-10
2026-02-10 15:00:00,12.3,1.1,0.9712369573253685,T2,2026-02-10
2026-02-10 16:00:00,17.0,1.6,0.9146686544617855,T2,2026-02-10
2026-02-10 17:00:00,20.6,1.4,0.8998638719858869,T2,2026-02-10
2026-02-10 18:00:00,21.0,1.6,0.902173573159004,T2,2026-02-10
2026-02-10 19:00:00,23.8,2.6,0.866746116518589,T2,2026-02-10
2026-02-10 20:00:00,22.1,2.1,0.6972891240454006,T2,2026-02-10
2026-02-10 21:00:00,17.0,0.8,0.5730080171550959,T2,2026-02-10
2026-02-10 22:00:00,14.1,-0.1,0.7881725441327634,T2,2026-02-10
2026-02-10 23:00:00,6.5,-0.7,0.2514082198116909,T2,2026-02-10
2026-02-11 00:00:00,4.8,-0.5,0.07749533188068164,T2,2026-02-10
2026-02-11 01:00:00,14.6,1.3,0.9709368203733331,T2,2026-02-10
2026-02-11 02:00:00,11.0,1.5,0.9410968150065109,T2,2026-02-10
2026-02-11 03:00:00,7.6,2.8,0.4324612024790141,T2,2026-02-10
2026-02-11 04:00:00,11.2,5.7,0.9526455791358217,T2,2026-02-10
2026-02-11 05:00:00,13.9,8.1,0.9773123475607621,T2,2026-02-10
2026-02-11 06:00:00,25.2,8.8,0.9812597442983731,T2,2026-02-10
2026-02-11 07:00:00,23.5,8.7,0.9796802556091153,T2,2026-02-10
2026-02-11 08:00:00,16.6,8.7,0.9780888784971469,T2,2026-02-10
2026-02-11 09:00:00,22.0,9.7,0.9778385807317256,T2,2026-02-10
2026-02-11 10:00:00,24.6,6.3,0.9798705604660171,T2,2026-02-10
2026-02-11 11:00:00,24.0,4.4,0.9691809057269153,T2,2026-02-10
2026-02-11 12:00:00,27.5,2.6,0.9698613937342228,T2,2026-02-10
2026-02-11 13:00:00,29.6,2.7,0.9706421245675677,T2,2026-02-10
2026-02-11 14:00:00,25.0,1.4,0.9601461263970876,T2,2026-02-10
2026-02-11 15:00:00,21.4,0.6,0.9302087436145132,T2,2026-02-10
2026-02-11 16:00:00,20.4,0.3,0.8914738908160202,T2,2026-02-10
2026-02-11 17:00:00,21.4,0.3,0.8768000623946484,T2,2026-02-10
2026-02-11 18:00:00,16.8,0.1,0.8796489202060392,T2,2026-02-10
2026-02-11 19:00:00,13.8,0.1,0.9799463083857647,T2,2026-02-10
2026-02-11 20:00:00,11.2,0.0,0.9685274253114439,T2,2026-02-10
2026-02-11 21:00:00,9.0,0.4,0.6708113771491915,T2,2026-02-10
2026-02-11 22:00:00,6.1,0.2,0.19980944272583528,T2,2026-02-10
2026-02-11 23:00:00,4.2,-0.1,0.04371107879010694,T2,2026-02-10
2026-02-12 00:00:00,4.2,0.4,0.04754821872954623,T2,2026-02-10
2026-02-12 01:00:00,1.4,-0.1,0.011393355410458883,T2,2026-02-10
2026-02-12 02:00:00,4.5,-0.3,0.06309599848413922,T2,2026-02-10
2026-02-12 03:00:00,1.7,0.2,0.011931199488287803,T2,2026-02-10
2026-02-12 04:00:00,5.5,0.4,0.12579597057420158,T2,2026-02-10
2026-02-12 05:00:00,7.5,0.4,0.41477135388168607,T2,2026-02-10
2026-02-12 06:00:00,7.4,0.2,0.3967949902211724,T2,2026-02-10
2026-02-12 07:00:00,10.6,1.7,0.8965121577873819,T2,2026-02-10
2026-02-12 08:00:00,10.1,2.7,0.8418195914176556,T2,2026-02-10
2026-02-12 09:00:00,7.4,3.1,0.4003665461372046,T2,2026-02-10
2026-02-12 10:00:00,8.8,2.6,0.6232302155959306,T2,2026-02-10
2026-02-12 11:00:00,8.9,2.4,0.6429790505539169,T2,2026-02-10
2026-02-12 12:00:00,4.2,1.5,0.03704861830505507,T2,2026-02-10
2026-02-12 13:00:00,8.7,0.4,0.6108223517365793,T2,2026-02-10
2026-02-12 14:00:00,10.2,-0.5,0.8412299172951894,T2,2026-02-10
2026-02-12 15:00:00,6.7,-0.5,0.26129161188848316,T2,2026-02-10
2026-02-12 16:00:00,1.0,-1.2,-0.0004158687613088907,T2,2026-02-10
2026-02-12 17:00:00,5.5,-1.7,0.1089057266519265,T2,2026-02-10
2026-02-12 18:00:00,2.8,-1.5,0.01117870035820051,T2,2026-02-10
2026-02-12 19:00:00,3.3,-1.3,0.013085796970073837,T2,2026-02-10
2026-02-12 20:00:00,5.2,-1.5,0.09206445480515352,T2,2026-02-10
2026-02-12 21:00:00,3.8,-1.8,0.0271884809240433,T2,2026-02-10
2026-02-12 22:00:00,3.1,-1.9,0.010836012403111162,T2,2026-02-10
2026-02-12 23:00:00,2.9,-2.0,0.011328565253234835,T2,2026-02-10
2026-02-11 00:00:00,4.8,-0.5,0.07893252955230157,T1,2026-02-11
2026-02-11 01:00:00,14.6,1.3,0.9953235160406719,T1,2026-02-11
2026-02-11 02:00:00,11.0,1.5,0.9616219541493928,T1,2026-02-11
2026-02-11 03:00:00,7.6,2.8,0.4637983018461095,T1,2026-02-11
2026-02-11 04:00:00,11.2,5.7,0.9690393620314917,T1,2026-02-11
2026-02-11 05:00:00,13.9,8.1,0.9912236973120703,T1,2026-02-11
2026-02-11 06:00:00,25.2,8.8,0.9942579804557103,T1,2026-02-11
2026-02-11 07:00:00,23.5,8.7,0.996285507205975,T1,2026-02-11
2026-02-11 08:00:00,16.6,8.7,0.9961344260939256,T1,2026-02-11
2026-02-11 09:00:00,22.0,9.7,1.0033361362417699,T1,2026-02-11
2026-02-11 10:00:00,24.6,6.3,0.9916077874063715,T1,2026-02-11
2026-02-11 11:00:00,24.0,4.4,0.9845714793073832,T1,2026-02-11
2026-02-11 12:00:00,27.5,2.6,0.9625040006648712,T1,2026-02-11
2026-02-11 13:00:00,29.6,2.7,0.9639768315953299,T1,2026-02-11
2026-02-11 14:00:00,25.0,1.4,0.9652457340024664,T1,2026-02-11
2026-02-11 15:00:00,21.4,0.6,0.9640466170890496,T1,2026-02-11
2026-02-11 16:00:00,20.4,0.3,0.9637433061195421,T1,2026-02-11
2026-02-11 17:00:00,21.4,0.3,0.964559098691125,T1,2026-02-11
2026-02-11 18:00:00,16.8,0.1,0.9603112702044383,T1,2026-02-11
2026-02-11 19:00:00,13.8,0.1,0.9773648596173791,T1,2026-02-11
2026-02-11 20:00:00,11.2,0.0,0.9756454950682687,T1,2026-02-11
2026-02-11 21:00:00,9.0,0.4,0.6999372409351723,T1,2026-02-11
2026-02-11 22:00:00,6.1,0.2,0.20655282949817322,T1,2026-02-11
2026-02-11 23:00:00,4.2,-0.1,0.05295347472262307,T1,2026-02-11
2026-02-12 00:00:00,4.2,0.4,0.06182938220575812,T1,2026-02-11
2026-02-12 01:00:00,1.4,-0.1,0.01094268313572938,T1,2026-02-11
2026-02-12 02:00:00,4.5,-0.3,0.06473085936350365,T1,2026-02-11
2026-02-12 03:00:00,1.7,0.2,0.01221627736597769,T1,2026-02-11
2026-02-12 04:00:00,5.5,0.4,0.1441516527976877,T1,2026-02-11
2026-02-12 05:00:00,7.5,0.4,0.446554584051036,T1,2026-02-11
2026-02-12 06:00:00,7.4,0.2,0.430825450028844,T1,2026-02-11
2026-02-12 07:00:00,10.6,1.7,0.9180812246522361,T1,2026-02-11
2026-02-12 08:00:00,10.1,2.7,0.8711356629061066,T1,2026-02-11
2026-02-12 09:00:00,7.4,3.1,0.4347002619569727,T1,2026-02-11
2026-02-12 10:00:00,8.8,2.6,0.6673346607594246,T1,2026-02-11
2026-02-12 11:00:00,8.9,2.4,0.6827941206593973,T1,2026-02-11
2026-02-12 12:00:00,4.2,1.5,0.0561831582935543,T1,2026-02-11
2026-02-12 13:00:00,8.7,0.4,0.648199917984468,T1,2026-02-11
2026-02-12 14:00:00,10.2,-0.5,0.8675001696909477,T1,2026-02-11
2026-02-12 15:00:00,6.7,-0.5,0.2905930814847551,T1,2026-02-11
2026-02-12 16:00:00,1.0,-1.2,0.0024366432496912283,T1,2026-02-11
2026-02-12 17:00:00,5.5,-1.7,0.11829720474822447,T1,2026-02-11
2026-02-12 18:00:00,2.8,-1.5,0.00933670656774005,T1,2026-02-11
2026-02-12 19:00:00,3.3,-1.3,0.017969036990986675,T1,2026-02-11
2026-02-12 20:00:00,5.2,-1.5,0.09985805143356741,T1,2026-02-11
2026-02-12 21:00:00,3.8,-1.8,0.028844481085572138,T1,2026-02-11
2026-02-12 22:00:00,3.1,-1.9,0.013421492339323604,T1,2026-02-11
2026-02-12 23:00:00,2.9,-2.0,0.012062842030195253,T1,2026-02-11
2026-02-13 00:00:00,7.6,-1.8,0.44529666826046727,T1,2026-02-11
2026-02-13 01:00:00,7.2,-2.1,0.38385414454624533,T1,2026-02-11
2026-02-13 02:00:00,5.1,-1.9,0.09523659006565921,T1,2026-02-11
2026-02-13 03:00:00,2.2,-1.5,0.013730034209762931,T1,2026-02-11
2026-02-13 04:00:00,7.4,-1.1,0.42601928830277613,T1,2026-02-11
2026-02-13 05:00:00,6.6,-0.7,0.27851961872712294,T1,2026-02-11
2026-02-13 06:00:00,6.7,-0.2,0.3052440071813475,T1,2026-02-11
2026-02-13 07:00:00,4.6,-0.1,0.06788508596881904,T1,2026-02-11
2026-02-13 08:00:00,3.0,0.4,0.015828652451338243,T1,2026-02-11
2026-02-13 09:00:00,2.1,0.6,0.012384193784628406,T1,2026-02-11
2026-02-13 10:00:00,2.2,0.4,0.010147244658167687,T1,2026-02-11
2026-02-13 11:00:00,2.7,-0.7,0.008952574256532841,T1,2026-02-11
2026-02-13 12:00:00,1.0,-2.2,0.0026784279470969397,T1,2026-02-11
2026-02-13 13:00:00,1.0,-2.3,0.0027465647013018013,T1,2026-02-11
2026-02-13 14:00:00,2.5,-2.8,0.0006326814601708697,T1,2026-02-11
2026-02-13 15:00:00,5.8,-3.0,0.13149251891007172,T1,2026-02-11
2026-02-13 16:00:00,9.3,-1.6,0.7409265524987144,T1,2026-02-11
2026-02-13 17:00:00,13.1,-1.0,0.9764640664296101,T1,2026-02-11
2026-02-13 18:00:00,15.3,-1.1,0.9647979840430894,T1,2026-02-11
2026-02-13 19:00:00,18.5,-1.1,0.8475345125847233,T1,2026-02-11
2026-02-13 20:00:00,18.6,-0.7,0.8249274043105886,T1,2026-02-11
2026-02-13 21:00:00,17.2,-0.2,0.7963526339683689,T1,2026-02-11
2026-02-13 22:00:00,15.3,-0.2,0.808898913661654,T1,2026-02-11
2026-02-13 23:00:00,15.2,-0.1,0.7829363554921234,T1,2026-02-11
2026-02-11 00:00:00,4.8,-0.5,0.07749533188068164,T2,2026-02-11
2026-02-11 01:00:00,14.6,1.3,0.9709368203733331,T2,2026-02-11
2026-02-11 02:00:00,11.0,1.5,0.9410968150065109,T2,2026-02-11
2026-02-11 03:00:00,7.6,2.8,0.4324612024790141,T2,2026-02-11
2026-02-11 04:00:00,11.2,5.7,0.9526455791358217,T2,2026-02-11
2026-02-11 05:00:00,13.9,8.1,0.9773123475607621,T2,2026-02-11
2026-02-11 06:00:00,25.2,8.8,0.9812597442983731,T2,2026-02-11
2026-02-11 07:00:00,23.5,8.7,0.9796802556091153,T2,2026-02-11
2026-02-11 08:00:00,16.6,8.7,0.9780888784971469,T2,2026-02-11
2026-02-11 09:00:00,22.0,9.7,0.9778385807317256,T2,2026-02-11
2026-02-11 10:00:00,24.6,6.3,0.9798705604660171,T2,2026-02-11
2026-02-11 11:00:00,24.0,4.4,0.9691809057269153,T2,2026-02-11
2026-02-11 12:00:00,27.5,2.6,0.9698613937342228,T2,2026-02-11
2026-02-11 13:00:00,29.6,2.7,0.9706421245675677,T2,2026-02-11
2026-02-11 14:00:00,25.0,1.4,0.9601461263970876,T2,2026-02-11
2026-02-11 15:00:00,21.4,0.6,0.9302087436145132,T2,2026-02-11
2026-02-11 16:00:00,20.4,0.3,0.8914738908160202,T2,2026-02-11
2026-02-11 17:00:00,21.4,0.3,0.8768000623946484,T2,2026-02-11
2026-02-11 18:00:00,16.8,0.1,0.8796489202060392,T2,2026-02-11
2026-02-11 19:00:00,13.8,0.1,0.9799463083857647,T2,2026-02-11
2026-02-11 20:00:00,11.2,0.0,0.9685274253114439,T2,2026-02-11
2026-02-11 21:00:00,9.0,0.4,0.6708113771491915,T2,2026-02-11
2026-02-11 22:00:00,6.1,0.2,0.19980944272583528,T2,2026-02-11
2026-02-11 23:00:00,4.2,-0.1,0.04371107879010694,T2,2026-02-11
2026-02-12 00:00:00,4.2,0.4,0.04754821872954623,T2,2026-02-11
2026-02-12 01:00:00,1.4,-0.1,0.011393355410458883,T2,2026-02-11
2026-02-12 02:00:00,4.5,-0.3,0.06309599848413922,T2,2026-02-11
2026-02-12 03:00:00,1.7,0.2,0.011931199488287803,T2,2026-02-11
2026-02-12 04:00:00,5.5,0.4,0.12579597057420158,T2,2026-02-11
2026-02-12 05:00:00,7.5,0.4,0.41477135388168607,T2,2026-02-11
2026-02-12 06:00:00,7.4,0.2,0.3967949902211724,T2,2026-02-11
2026-02-12 07:00:00,10.6,1.7,0.8965121577873819,T2,2026-02-11
2026-02-12 08:00:00,10.1,2.7,0.8418195914176556,T2,2026-02-11
2026-02-12 09:00:00,7.4,3.1,0.4003665461372046,T2,2026-02-11
2026-02-12 10:00:00,8.8,2.6,0.6232302155959306,T2,2026-02-11
2026-02-12 11:00:00,8.9,2.4,0.6429790505539169,T2,2026-02-11
2026-02-12 12:00:00,4.2,1.5,0.03704861830505507,T2,2026-02-11
2026-02-12 13:00:00,8.7,0.4,0.6108223517365793,T2,2026-02-11
2026-02-12 14:00:00,10.2,-0.5,0.8412299172951894,T2,2026-02-11
2026-02-12 15:00:00,6.7,-0.5,0.26129161188848316,T2,2026-02-11
2026-02-12 16:00:00,1.0,-1.2,-0.0004158687613088907,T2,2026-02-11
2026-02-12 17:00:00,5.5,-1.7,0.1089057266519265,T2,2026-02-11
2026-02-12 18:00:00,2.8,-1.5,0.01117870035820051,T2,2026-02-11
2026-02-12 19:00:00,3.3,-1.3,0.013085796970073837,T2,2026-02-11
2026-02-12 20:00:00,5.2,-1.5,0.09206445480515352,T2,2026-02-11
2026-02-12 21:00:00,3.8,-1.8,0.0271884809240433,T2,2026-02-11
2026-02-12 22:00:00,3.1,-1.9,0.010836012403111162,T2,2026-02-11
2026-02-12 23:00:00,2.9,-2.0,0.011328565253234835,T2,2026-02-11
2026-02-13 00:00:00,7.6,-1.8,0.42201178292370306,T2,2026-02-11
2026-02-13 01:00:00,7.2,-2.1,0.35689006911641447,T2,2026-02-11
2026-02-13 02:00:00,5.1,-1.9,0.09081193446521763,T2,2026-02-11
2026-02-13 03:00:00,2.2,-1.5,0.011665774924454753,T2,2026-02-11
2026-02-13 04:00:00,7.4,-1.1,0.39709358374216125,T2,2026-02-11
2026-02-13 05:00:00,6.6,-0.7,0.2684309282158731,T2,2026-02-11
2026-02-13 06:00:00,6.7,-0.2,0.2816777530870292,T2,2026-02-11
2026-02-13 07:00:00,4.6,-0.1,0.06143810653154369,T2,2026-02-11
2026-02-13 08:00:00,3.0,0.4,0.01627370633797809,T2,2026-02-11
2026-02-13 09:00:00,2.1,0.6,0.01210109325456643,T2,2026-02-11
2026-02-13 10:00:00,2.2,0.4,0.0063966858579851404,T2,2026-02-11
2026-02-13 11:00:00,2.7,-0.7,-0.003711732975336446,T2,2026-02-11
2026-02-13 12:00:00,1.0,-2.2,-0.0006103107741573521,T2,2026-02-11
2026-02-13 13:00:00,1.0,-2.3,-0.000767156879500408,T2,2026-02-11
2026-02-13 14:00:00,2.5,-2.8,-0.003086862641031307,T2,2026-02-11
2026-02-13 15:00:00,5.8,-3.0,0.1354795082764523,T2,2026-02-11
2026-02-13 16:00:00,9.3,-1.6,0.6928226252637163,T2,2026-02-11
2026-02-13 17:00:00,13.1,-1.0,0.9697971405121285,T2,2026-02-11
2026-02-13 18:00:00,15.3,-1.1,0.8416159716299143,T2,2026-02-11
2026-02-13 19:00:00,18.5,-1.1,0.8072604621171607,T2,2026-02-11
2026-02-13 20:00:00,18.6,-0.7,0.6917604234319025,T2,2026-02-11
2026-02-13 21:00:00,17.2,-0.2,0.5357175226219854,T2,2026-02-11
2026-02-13 22:00:00,15.3,-0.2,0.5540686425936381,T2,2026-02-11
2026-02-13 23:00:00,15.2,-0.1,0.6162128224018871,T2,2026-02-11
2026-02-12 00:00:00,4.2,0.4,0.06182938220575812,T1,2026-02-12
2026-02-12 01:00:00,1.4,-0.1,0.01094268313572938,T1,2026-02-12
2026-02-12 02:00:00,4.5,-0.3,0.06473085936350365,T1,2026-02-12
2026-02-12 03:00:00,1.7,0.2,0.01221627736597769,T1,2026-02-12
2026-02-12 04:00:00,5.5,0.4,0.1441516527976877,T1,2026-02-12
2026-02-12 05:00:00,7.5,0.4,0.446554584051036,T1,2026-02-12
2026-02-12 06:00:00,7.4,0.2,0.430825450028844,T1,2026-02-12
2026-02-12 07:00:00,10.6,1.7,0.9180812246522361,T1,2026-02-12
2026-02-12 08:00:00,10.1,2.7,0.8711356629061066,T1,2026-02-12
2026-02-12 09:00:00,7.4,3.1,0.4347002619569727,T1,2026-02-12
2026-02-12 10:00:00,8.8,2.6,0.6673346607594246,T1,2026-02-12
2026-02-12 11:00:00,8.9,2.4,0.6827941206593973,T1,2026-02-12
2026-02-12 12:00:00,4.2,1.5,0.0561831582935543,T1,2026-02-12
2026-02-12 13:00:00,8.7,0.4,0.648199917984468,T1,2026-02-12
2026-02-12 14:00:00,10.2,-0.5,0.8675001696909477,T1,2026-02-12
2026-02-12 15:00:00,6.7,-0.5,0.2905930814847551,T1,2026-02-12
2026-02-12 16:00:00,1.0,-1.2,0.0024366432496912283,T1,2026-02-12
2026-02-12 17:00:00,5.5,-1.7,0.11829720474822447,T1,2026-02-12
2026-02-12 18:00:00,2.8,-1.5,0.00933670656774005,T1,2026-02-12
2026-02-12 19:00:00,3.3,-1.3,0.017969036990986675,T1,2026-02-12
2026-02-12 20:00:00,5.2,-1.5,0.09985805143356741,T1,2026-02-12
2026-02-12 21:00:00,3.8,-1.8,0.028844481085572138,T1,2026-02-12
2026-02-12 22:00:00,3.1,-1.9,0.013421492339323604,T1,2026-02-12
2026-02-12 23:00:00,2.9,-2.0,0.012062842030195253,T1,2026-02-12
2026-02-13 00:00:00,7.6,-1.8,0.44529666826046727,T1,2026-02-12
2026-02-13 01:00:00,7.2,-2.1,0.38385414454624533,T1,2026-02-12
2026-02-13 02:00:00,5.1,-1.9,0.09523659006565921,T1,2026-02-12
2026-02-13 03:00:00,2.2,-1.5,0.013730034209762931,T1,2026-02-12
2026-02-13 04:00:00,7.4,-1.1,0.42601928830277613,T1,2026-02-12
2026-02-13 05:00:00,6.6,-0.7,0.27851961872712294,T1,2026-02-12
2026-02-13 06:00:00,6.7,-0.2,0.3052440071813475,T1,2026-02-12
2026-02-13 07:00:00,4.6,-0.1,0.06788508596881904,T1,2026-02-12
2026-02-13 08:00:00,3.0,0.4,0.015828652451338243,T1,2026-02-12
2026-02-13 09:00:00,2.1,0.6,0.012384193784628406,T1,2026-02-12
2026-02-13 10:00:00,2.2,0.4,0.010147244658167687,T1,2026-02-12
2026-02-13 11:00:00,2.7,-0.7,0.008952574256532841,T1,2026-02-12
2026-02-13 12:00:00,1.0,-2.2,0.0026784279470969397,T1,2026-02-12
2026-02-13 13:00:00,1.0,-2.3,0.0027465647013018013,T1,2026-02-12
2026-02-13 14:00:00,2.5,-2.8,0.0006326814601708697,T1,2026-02-12
2026-02-13 15:00:00,5.8,-3.0,0.13149251891007172,T1,2026-02-12
2026-02-13 16:00:00,9.3,-1.6,0.7409265524987144,T1,2026-02-12
2026-02-13 17:00:00,13.1,-1.0,0.9764640664296101,T1,2026-02-12
2026-02-13 18:00:00,15.3,-1.1,0.9647979840430894,T1,2026-02-12
2026-02-13 19:00:00,18.5,-1.1,0.8475345125847233,T1,2026-02-12
2026-02-13 20:00:00,18.6,-0.7,0.8249274043105886,T1,2026-02-12
2026-02-13 21:00:00,17.2,-0.2,0.7963526339683689,T1,2026-02-12
2026-02-13 22:00:00,15.3,-0.2,0.808898913661654,T1,2026-02-12
2026-02-13 23:00:00,15.2,-0.1,0.7829363554921234,T1,2026-02-12
2026-02-14 00:00:00,12.7,-0.6,0.9914524111056237,T1,2026-02-12
2026-02-14 01:00:00,5.8,-1.5,0.1465158824154636,T1,2026-02-12
2026-02-14 02:00:00,6.1,-2.4,0.19727540032543373,T1,2026-02-12
2026-02-14 03:00:00,6.7,-0.9,0.298675169172338,T1,2026-02-12
2026-02-14 04:00:00,8.3,1.1,0.5855308093305014,T1,2026-02-12
2026-02-14 05:00:00,8.5,1.9,0.6204408107632581,T1,2026-02-12
2026-02-14 06:00:00,9.5,3.0,0.7740415796741102,T1,2026-02-12
2026-02-14 07:00:00,5.8,3.7,0.17205104218343623,T1,2026-02-12
2026-02-14 08:00:00,2.5,4.3,0.01523672715407487,T1,2026-02-12
2026-02-14 09:00:00,1.6,3.7,0.009970903944777787,T1,2026-02-12
2026-02-14 10:00:00,2.0,3.5,0.01114023962370636,T1,2026-02-12
2026-02-14 11:00:00,2.0,3.7,0.00962625171660636,T1,2026-02-12
2026-02-14 12:00:00,5.4,1.0,0.12973614712755224,T1,2026-02-12
2026-02-14 13:00:00,4.2,-0.4,0.04355183605100443,T1,2026-02-12
2026-02-14 14:00:00,1.3,-0.1,0.002476812866581135,T1,2026-02-12
2026-02-14 15:00:00,3.7,-1.3,0.021595682406778283,T1,2026-02-12
2026-02-14 16:00:00,1.5,0.1,0.004382544325501558,T1,2026-02-12
2026-02-14 17:00:00,2.7,0.3,0.012304283060652677,T1,2026-02-12
2026-02-14 18:00:00,1.4,0.4,0.00681167339446026,T1,2026-02-12
2026-02-14 19:00:00,2.7,-0.1,0.017936699424466962,T1,2026-02-12
2026-02-14 20:00:00,5.2,-0.3,0.10870398315673635,T1,2026-02-12
2026-02-14 21:00:00,4.1,-0.5,0.04881023623628816,T1,2026-02-12
2026-02-14 22:00:00,5.1,-1.5,0.0927274972343658,T1,2026-02-12
2026-02-14 23:00:00,4.9,-1.8,0.07504464135276234,T1,2026-02-12
2026-02-12 00:00:00,4.2,0.4,0.04754821872954623,T2,2026-02-12
2026-02-12 01:00:00,1.4,-0.1,0.011393355410458883,T2,2026-02-12
2026-02-12 02:00:00,4.5,-0.3,0.06309599848413922,T2,2026-02-12
2026-02-12 03:00:00,1.7,0.2,0.011931199488287803,T2,2026-02-12
2026-02-12 04:00:00,5.5,0.4,0.12579597057420158,T2,2026-02-12
2026-02-12 05:00:00,7.5,0.4,0.41477135388168607,T2,2026-02-12
2026-02-12 06:00:00,7.4,0.2,0.3967949902211724,T2,2026-02-12
2026-02-12 07:00:00,10.6,1.7,0.8965121577873819,T2,2026-02-12
2026-02-12 08:00:00,10.1,2.7,0.8418195914176556,T2,2026-02-12
2026-02-12 09:00:00,7.4,3.1,0.4003665461372046,T2,2026-02-12
2026-02-12 10:00:00,8.8,2.6,0.6232302155959306,T2,2026-02-12
2026-02-12 11:00:00,8.9,2.4,0.6429790505539169,T2,2026-02-12
2026-02-12 12:00:00,4.2,1.5,0.03704861830505507,T2,2026-02-12
2026-02-12 13:00:00,8.7,0.4,0.6108223517365793,T2,2026-02-12
2026-02-12 14:00:00,10.2,-0.5,0.8412299172951894,T2,2026-02-12
2026-02-12 15:00:00,6.7,-0.5,0.26129161188848316,T2,2026-02-12
2026-02-12 16:00:00,1.0,-1.2,-0.0004158687613088907,T2,2026-02-12
2026-02-12 17:00:00,5.5,-1.7,0.1089057266519265,T2,2026-02-12
2026-02-12 18:00:00,2.8,-1.5,0.01117870035820051,T2,2026-02-12
2026-02-12 19:00:00,3.3,-1.3,0.013085796970073837,T2,2026-02-12
2026-02-12 20:00:00,5.2,-1.5,0.09206445480515352,T2,2026-02-12
2026-02-12 21:00:00,3.8,-1.8,0.0271884809240433,T2,2026-02-12
2026-02-12 22:00:00,3.1,-1.9,0.010836012403111162,T2,2026-02-12
2026-02-12 23:00:00,2.9,-2.0,0.011328565253234835,T2,2026-02-12
2026-02-13 00:00:00,7.6,-1.8,0.42201178292370306,T2,2026-02-12
2026-02-13 01:00:00,7.2,-2.1,0.35689006911641447,T2,2026-02-12
2026-02-13 02:00:00,5.1,-1.9,0.09081193446521763,T2,2026-02-12
2026-02-13 03:00:00,2.2,-1.5,0.011665774924454753,T2,2026-02-12
2026-02-13 04:00:00,7.4,-1.1,0.39709358374216125,T2,2026-02-12
2026-02-13 05:00:00,6.6,-0.7,0.2684309282158731,T2,2026-02-12
2026-02-13 06:00:00,6.7,-0.2,0.2816777530870292,T2,2026-02-12
2026-02-13 07:00:00,4.6,-0.1,0.06143810653154369,T2,2026-02-12
2026-02-13 08:00:00,3.0,0.4,0.01627370633797809,T2,2026-02-12
2026-02-13 09:00:00,2.1,0.6,0.01210109325456643,T2,2026-02-12
2026-02-13 10:00:00,2.2,0.4,0.0063966858579851404,T2,2026-02-12
2026-02-13 11:00:00,2.7,-0.7,-0.003711732975336446,T2,2026-02-12
2026-02-13 12:00:00,1.0,-2.2,-0.0006103107741573521,T2,2026-02-12
2026-02-13 13:00:00,1.0,-2.3,-0.000767156879500408,T2,2026-02-12
2026-02-13 14:00:00,2.5,-2.8,-0.003086862641031307,T2,2026-02-12
2026-02-13 15:00:00,5.8,-3.0,0.1354795082764523,T2,2026-02-12
2026-02-13 16:00:00,9.3,-1.6,0.6928226252637163,T2,2026-02-12
2026-02-13 17:00:00,13.1,-1.0,0.9697971405121285,T2,2026-02-12
2026-02-13 18:00:00,15.3,-1.1,0.8416159716299143,T2,2026-02-12
2026-02-13 19:00:00,18.5,-1.1,0.8072604621171607,T2,2026-02-12
2026-02-13 20:00:00,18.6,-0.7,0.6917604234319025,T2,2026-02-12
2026-02-13 21:00:00,17.2,-0.2,0.5357175226219854,T2,2026-02-12
2026-02-13 22:00:00,15.3,-0.2,0.5540686425936381,T2,2026-02-12
2026-02-13 23:00:00,15.2,-0.1,0.6162128224018871,T2,2026-02-12
2026-02-14 00:00:00,12.7,-0.6,0.9771723275264591,T2,2026-02-12
2026-02-14 01:00:00,5.8,-1.5,0.15117661762978116,T2,2026-02-12
2026-02-14 02:00:00,6.1,-2.4,0.17419954090493928,T2,2026-02-12
2026-02-14 03:00:00,6.7,-0.9,0.27416450809714915,T2,2026-02-12
2026-02-14 04:00:00,8.3,1.1,0.550308032575755,T2,2026-02-12
2026-02-14 05:00:00,8.5,1.9,0.5879897330350614,T2,2026-02-12
2026-02-14 06:00:00,9.5,3.0,0.7339100611123727,T2,2026-02-12
2026-02-14 07:00:00,5.8,3.7,0.17153900456566654,T2,2026-02-12
2026-02-14 08:00:00,2.5,4.3,0.016295718595840947,T2,2026-02-12
2026-02-14 09:00:00,1.6,3.7,0.014212761219576597,T2,2026-02-12
2026-02-14 10:00:00,2.0,3.5,0.01012988336017051,T2,2026-02-12
2026-02-14 11:00:00,2.0,3.7,0.008810805649393405,T2,2026-02-12
2026-02-14 12:00:00,5.4,1.0,0.09890644297752355,T2,2026-02-12
2026-02-14 13:00:00,4.2,-0.4,0.03329284002317673,T2,2026-02-12
2026-02-14 14:00:00,1.3,-0.1,0.0024934675941909457,T2,2026-02-12
2026-02-14 15:00:00,3.7,-1.3,0.016427006754700046,T2,2026-02-12
2026-02-14 16:00:00,1.5,0.1,0.0030636084785632955,T2,2026-02-12
2026-02-14 17:00:00,2.7,0.3,0.010867390157141998,T2,2026-02-12
2026-02-14 18:00:00,1.4,0.4,0.007802203715578215,T2,2026-02-12
2026-02-14 19:00:00,2.7,-0.1,0.014131084209208944,T2,2026-02-12
2026-02-14 20:00:00,5.2,-0.3,0.09956111548148205,T2,2026-02-12
2026-02-14 21:00:00,4.1,-0.5,0.03867903679928125,T2,2026-02-12
2026-02-14 22:00:00,5.1,-1.5,0.08921088221041079,T2,2026-02-12
2026-02-14 23:00:00,4.9,-1.8,0.06466372544064203,T2,2026-02-12
2026-02-13 00:00:00,7.6,-1.8,0.44529666826046727,T1,2026-02-13
2026-02-13 01:00:00,7.2,-2.1,0.38385414454624533,T1,2026-02-13
2026-02-13 02:00:00,5.1,-1.9,0.09523659006565921,T1,2026-02-13
2026-02-13 03:00:00,2.2,-1.5,0.013730034209762931,T1,2026-02-13
2026-02-13 04:00:00,7.4,-1.1,0.42601928830277613,T1,2026-02-13
2026-02-13 05:00:00,6.6,-0.7,0.27851961872712294,T1,2026-02-13
2026-02-13 06:00:00,6.7,-0.2,0.3052440071813475,T1,2026-02-13
2026-02-13 07:00:00,4.6,-0.1,0.06788508596881904,T1,2026-02-13
2026-02-13 08:00:00,3.0,0.4,0.015828652451338243,T1,2026-02-13
2026-02-13 09:00:00,2.1,0.6,0.012384193784628406,T1,2026-02-13
2026-02-13 10:00:00,2.2,0.4,0.010147244658167687,T1,2026-02-13
2026-02-13 11:00:00,2.7,-0.7,0.008952574256532841,T1,2026-02-13
2026-02-13 12:00:00,1.0,-2.2,0.0026784279470969397,T1,2026-02-13
2026-02-13 13:00:00,1.0,-2.3,0.0027465647013018013,T1,2026-02-13
2026-02-13 14:00:00,2.5,-2.8,0.0006326814601708697,T1,2026-02-13
2026-02-13 15:00:00,5.8,-3.0,0.13149251891007172,T1,2026-02-13
2026-02-13 16:00:00,9.3,-1.6,0.7409265524987144,T1,2026-02-13
2026-02-13 17:00:00,13.1,-1.0,0.9764640664296101,T1,2026-02-13
2026-02-13 18:00:00,15.3,-1.1,0.9647979840430894,T1,2026-02-13
2026-02-13 19:00:00,18.5,-1.1,0.8475345125847233,T1,2026-02-13
2026-02-13 20:00:00,18.6,-0.7,0.8249274043105886,T1,2026-02-13
2026-02-13 21:00:00,17.2,-0.2,0.7963526339683689,T1,2026-02-13
2026-02-13 22:00:00,15.3,-0.2,0.808898913661654,T1,2026-02-13
2026-02-13 23:00:00,15.2,-0.1,0.7829363554921234,T1,2026-02-13
2026-02-14 00:00:00,12.7,-0.6,0.9914524111056237,T1,2026-02-13
2026-02-14 01:00:00,5.8,-1.5,0.1465158824154636,T1,2026-02-13
2026-02-14 02:00:00,6.1,-2.4,0.19727540032543373,T1,2026-02-13
2026-02-14 03:00:00,6.7,-0.9,0.298675169172338,T1,2026-02-13
2026-02-14 04:00:00,8.3,1.1,0.5855308093305014,T1,2026-02-13
2026-02-14 05:00:00,8.5,1.9,0.6204408107632581,T1,2026-02-13
2026-02-14 06:00:00,9.5,3.0,0.7740415796741102,T1,2026-02-13
2026-02-14 07:00:00,5.8,3.7,0.17205104218343623,T1,2026-02-13
2026-02-14 08:00:00,2.5,4.3,0.01523672715407487,T1,2026-02-13
2026-02-14 09:00:00,1.6,3.7,0.009970903944777787,T1,2026-02-13
2026-02-14 10:00:00,2.0,3.5,0.01114023962370636,T1,2026-02-13
2026-02-14 11:00:00,2.0,3.7,0.00962625171660636,T1,2026-02-13
2026-02-14 12:00:00,5.4,1.0,0.12973614712755224,T1,2026-02-13
2026-02-14 13:00:00,4.2,-0.4,0.04355183605100443,T1,2026-02-13
2026-02-14 14:00:00,1.3,-0.1,0.002476812866581135,T1,2026-02-13
2026-02-14 15:00:00,3.7,-1.3,0.021595682406778283,T1,2026-02-13
2026-02-14 16:00:00,1.5,0.1,0.004382544325501558,T1,2026-02-13
2026-02-14 17:00:00,2.7,0.3,0.012304283060652677,T1,2026-02-13
2026-02-14 18:00:00,1.4,0.4,0.00681167339446026,T1,2026-02-13
2026-02-14 19:00:00,2.7,-0.1,0.017936699424466962,T1,2026-02-13
2026-02-14 20:00:00,5.2,-0.3,0.10870398315673635,T1,2026-02-13
2026-02-14 21:00:00,4.1,-0.5,0.04881023623628816,T1,2026-02-13
2026-02-14 22:00:00,5.1,-1.5,0.0927274972343658,T1,2026-02-13
2026-02-14 23:00:00,4.9,-1.8,0.07504464135276234,T1,2026-02-13
2026-02-15 00:00:00,6.6,-1.7,0.26877296570930553,T1,2026-02-13
2026-02-15 01:00:00,7.4,-1.8,0.4140399222765801,T1,2026-02-13
2026-02-15 02:00:00,9.6,-1.8,0.7839433994202744,T1,2026-02-13
2026-02-15 03:00:00,10.7,-0.6,0.9354708124367627,T1,2026-02-13
2026-02-15 04:00:00,13.8,2.6,0.9742398484890411,T1,2026-02-13
2026-02-15 05:00:00,15.3,3.7,0.9618990269060218,T1,2026-02-13
2026-02-15 06:00:00,21.2,6.7,0.9652611717110917,T1,2026-02-13
2026-02-15 07:00:00,24.8,7.6,0.9650134877558766,T1,2026-02-13
2026-02-15 08:00:00,23.6,8.3,0.9773196414744557,T1,2026-02-13
2026-02-15 09:00:00,21.9,9.1,0.9910720414696997,T1,2026-02-13
2026-02-15 10:00:00,19.9,8.3,0.9823087376254633,T1,2026-02-13
2026-02-15 11:00:00,17.9,7.1,0.9868053044368434,T1,2026-02-13
2026-02-15 12:00:00,16.2,4.9,0.97795538341722,T1,2026-02-13
2026-02-15 13:00:00,13.9,2.6,0.9907022580966449,T1,2026-02-13
2026-02-15 14:00:00,14.0,1.9,0.9899250979304931,T1,2026-02-13
2026-02-15 15:00:00,13.2,1.6,0.9843818950306137,T1,2026-02-13
2026-02-15 16:00:00,9.7,1.5,0.7962003975789718,T1,2026-02-13
2026-02-15 17:00:00,7.6,1.6,0.4548204508179568,T1,2026-02-13
2026-02-15 18:00:00,10.1,1.8,0.8650283861925773,T1,2026-02-13
2026-02-15 19:00:00,10.8,1.6,0.9455968208900751,T1,2026-02-13
2026-02-15 20:00:00,8.7,1.5,0.6574138908998999,T1,2026-02-13
2026-02-15 21:00:00,12.2,1.7,0.9868636047545037,T1,2026-02-13
2026-02-15 22:00:00,14.1,1.7,0.8794738252078419,T1,2026-02-13
2026-02-15 23:00:00,13.5,1.2,0.9873211570464718,T1,2026-02-13
2026-02-13 00:00:00,7.6,-1.8,0.42201178292370306,T2,2026-02-13
2026-02-13 01:00:00,7.2,-2.1,0.35689006911641447,T2,2026-02-13
2026-02-13 02:00:00,5.1,-1.9,0.09081193446521763,T2,2026-02-13
2026-02-13 03:00:00,2.2,-1.5,0.011665774924454753,T2,2026-02-13
2026-02-13 04:00:00,7.4,-1.1,0.39709358374216125,T2,2026-02-13
2026-02-13 05:00:00,6.6,-0.7,0.2684309282158731,T2,2026-02-13
2026-02-13 06:00:00,6.7,-0.2,0.2816777530870292,T2,2026-02-13
2026-02-13 07:00:00,4.6,-0.1,0.06143810653154369,T2,2026-02-13
2026-02-13 08:00:00,3.0,0.4,0.01627370633797809,T2,2026-02-13
2026-02-13 09:00:00,2.1,0.6,0.01210109325456643,T2,2026-02-13
2026-02-13 10:00:00,2.2,0.4,0.0063966858579851404,T2,2026-02-13
2026-02-13 11:00:00,2.7,-0.7,-0.003711732975336446,T2,2026-02-13
2026-02-13 12:00:00,1.0,-2.2,-0.0006103107741573521,T2,2026-02-13
2026-02-13 13:00:00,1.0,-2.3,-0.000767156879500408,T2,2026-02-13
2026-02-13 14:00:00,2.5,-2.8,-0.003086862641031307,T2,2026-02-13
2026-02-13 15:00:00,5.8,-3.0,0.1354795082764523,T2,2026-02-13
2026-02-13 16:00:00,9.3,-1.6,0.6928226252637163,T2,2026-02-13
2026-02-13 17:00:00,13.1,-1.0,0.9697971405121285,T2,2026-02-13
2026-02-13 18:00:00,15.3,-1.1,0.8416159716299143,T2,2026-02-13
2026-02-13 19:00:00,18.5,-1.1,0.8072604621171607,T2,2026-02-13
2026-02-13 20:00:00,18.6,-0.7,0.6917604234319025,T2,2026-02-13
2026-02-13 21:00:00,17.2,-0.2,0.5357175226219854,T2,2026-02-13
2026-02-13 22:00:00,15.3,-0.2,0.5540686425936381,T2,2026-02-13
2026-02-13 23:00:00,15.2,-0.1,0.6162128224018871,T2,2026-02-13
2026-02-14 00:00:00,12.7,-0.6,0.9771723275264591,T2,2026-02-13
2026-02-14 01:00:00,5.8,-1.5,0.15117661762978116,T2,2026-02-13
2026-02-14 02:00:00,6.1,-2.4,0.17419954090493928,T2,2026-02-13
2026-02-14 03:00:00,6.7,-0.9,0.27416450809714915,T2,2026-02-13
2026-02-14 04:00:00,8.3,1.1,0.550308032575755,T2,2026-02-13
2026-02-14 05:00:00,8.5,1.9,0.5879897330350614,T2,2026-02-13
2026-02-14 06:00:00,9.5,3.0,0.7339100611123727,T2,2026-02-13
2026-02-14 07:00:00,5.8,3.7,0.17153900456566654,T2,2026-02-13
2026-02-14 08:00:00,2.5,4.3,0.016295718595840947,T2,2026-02-13
2026-02-14 09:00:00,1.6,3.7,0.014212761219576597,T2,2026-02-13
2026-02-14 10:00:00,2.0,3.5,0.01012988336017051,T2,2026-02-13
2026-02-14 11:00:00,2.0,3.7,0.008810805649393405,T2,2026-02-13
2026-02-14 12:00:00,5.4,1.0,0.09890644297752355,T2,2026-02-13
2026-02-14 13:00:00,4.2,-0.4,0.03329284002317673,T2,2026-02-13
2026-02-14 14:00:00,1.3,-0.1,0.0024934675941909457,T2,2026-02-13
2026-02-14 15:00:00,3.7,-1.3,0.016427006754700046,T2,2026-02-13
2026-02-14 16:00:00,1.5,0.1,0.0030636084785632955,T2,2026-02-13
2026-02-14 17:00:00,2.7,0.3,0.010867390157141998,T2,2026-02-13
2026-02-14 18:00:00,1.4,0.4,0.007802203715578215,T2,2026-02-13
2026-02-14 19:00:00,2.7,-0.1,0.014131084209208944,T2,2026-02-13
2026-02-14 20:00:00,5.2,-0.3,0.09956111548148205,T2,2026-02-13
2026-02-14 21:00:00,4.1,-0.5,0.03867903679928125,T2,2026-02-13
2026-02-14 22:00:00,5.1,-1.5,0.08921088221041079,T2,2026-02-13
2026-02-14 23:00:00,4.9,-1.8,0.06466372544064203,T2,2026-02-13
2026-02-15 00:00:00,6.6,-1.7,0.25667958626818577,T2,2026-02-13
2026-02-15 01:00:00,7.4,-1.8,0.38578183926115706,T2,2026-02-13
2026-02-15 02:00:00,9.6,-1.8,0.7296434072333056,T2,2026-02-13
2026-02-15 03:00:00,10.7,-0.6,0.9160878802485977,T2,2026-02-13
2026-02-15 04:00:00,13.8,2.6,0.9894449614627953,T2,2026-02-13
2026-02-15 05:00:00,15.3,3.7,0.9922355547074972,T2,2026-02-13
2026-02-15 06:00:00,21.2,6.7,0.9966448908384937,T2,2026-02-13
2026-02-15 07:00:00,24.8,7.6,0.9901205008457519,T2,2026-02-13
2026-02-15 08:00:00,23.6,8.3,0.9883305832617697,T2,2026-02-13
2026-02-15 09:00:00,21.9,9.1,0.9878130494389676,T2,2026-02-13
2026-02-15 10:00:00,19.9,8.3,0.9893240263303213,T2,2026-02-13
2026-02-15 11:00:00,17.9,7.1,0.9855746464874898,T2,2026-02-13
2026-02-15 12:00:00,16.2,4.9,0.9899532512233222,T2,2026-02-13
2026-02-15 13:00:00,13.9,2.6,0.9600446830898648,T2,2026-02-13
2026-02-15 14:00:00,14.0,1.9,0.9578848390714895,T2,2026-02-13
2026-02-15 15:00:00,13.2,1.6,0.9846387179616249,T2,2026-02-13
2026-02-15 16:00:00,9.7,1.5,0.7511536806110444,T2,2026-02-13
2026-02-15 17:00:00,7.6,1.6,0.41292225546916095,T2,2026-02-13
2026-02-15 18:00:00,10.1,1.8,0.8031107612737687,T2,2026-02-13
2026-02-15 19:00:00,10.8,1.6,0.9036600709572695,T2,2026-02-13
2026-02-15 20:00:00,8.7,1.5,0.5970672925178501,T2,2026-02-13
2026-02-15 21:00:00,12.2,1.7,0.9596508661068626,T2,2026-02-13
2026-02-15 22:00:00,14.1,1.7,0.8478956526381081,T2,2026-02-13
2026-02-15 23:00:00,13.5,1.2,0.9685180703005902,T2,2026-02-13
2026-02-14 00:00:00,12.7,-0.6,0.9914524111056237,T1,2026-02-14
2026-02-14 01:00:00,5.8,-1.5,0.1465158824154636,T1,2026-02-14
2026-02-14 02:00:00,6.1,-2.4,0.19727540032543373,T1,2026-02-14
2026-02-14 03:00:00,6.7,-0.9,0.298675169172338,T1,2026-02-14
2026-02-14 04:00:00,8.3,1.1,0.5855308093305014,T1,2026-02-14
2026-02-14 05:00:00,8.5,1.9,0.6204408107632581,T1,2026-02-14
2026-02-14 06:00:00,9.5,3.0,0.7740415796741102,T1,2026-02-14
2026-02-14 07:00:00,5.8,3.7,0.17205104218343623,T1,2026-02-14
2026-02-14 08:00:00,2.5,4.3,0.01523672715407487,T1,2026-02-14
2026-02-14 09:00:00,1.6,3.7,0.009970903944777787,T1,2026-02-14
2026-02-14 10:00:00,2.0,3.5,0.01114023962370636,T1,2026-02-14
2026-02-14 11:00:00,2.0,3.7,0.00962625171660636,T1,2026-02-14
2026-02-14 12:00:00,5.4,1.0,0.12973614712755224,T1,2026-02-14
2026-02-14 13:00:00,4.2,-0.4,0.04355183605100443,T1,2026-02-14
2026-02-14 14:00:00,1.3,-0.1,0.002476812866581135,T1,2026-02-14
2026-02-14 15:00:00,3.7,-1.3,0.021595682406778283,T1,2026-02-14
2026-02-14 16:00:00,1.5,0.1,0.004382544325501558,T1,2026-02-14
2026-02-14 17:00:00,2.7,0.3,0.012304283060652677,T1,2026-02-14
2026-02-14 18:00:00,1.4,0.4,0.00681167339446026,T1,2026-02-14
2026-02-14 19:00:00,2.7,-0.1,0.017936699424466962,T1,2026-02-14
2026-02-14 20:00:00,5.2,-0.3,0.10870398315673635,T1,2026-02-14
2026-02-14 21:00:00,4.1,-0.5,0.04881023623628816,T1,2026-02-14
2026-02-14 22:00:00,5.1,-1.5,0.0927274972343658,T1,2026-02-14
2026-02-14 23:00:00,4.9,-1.8,0.07504464135276234,T1,2026-02-14
2026-02-15 00:00:00,6.6,-1.7,0.26877296570930553,T1,2026-02-14
2026-02-15 01:00:00,7.4,-1.8,0.4140399222765801,T1,2026-02-14
2026-02-15 02:00:00,9.6,-1.8,0.7839433994202744,T1,2026-02-14
2026-02-15 03:00:00,10.7,-0.6,0.9354708124367627,T1,2026-02-14
2026-02-15 04:00:00,13.8,2.6,0.9742398484890411,T1,2026-02-14
2026-02-15 05:00:00,15.3,3.7,0.9618990269060218,T1,2026-02-14
2026-02-15 06:00:00,21.2,6.7,0.9652611717110917,T1,2026-02-14
2026-02-15 07:00:00,24.8,7.6,0.9650134877558766,T1,2026-02-14
2026-02-15 08:00:00,23.6,8.3,0.9773196414744557,T1,2026-02-14
2026-02-15 09:00:00,21.9,9.1,0.9910720414696997,T1,2026-02-14
2026-02-15 10:00:00,19.9,8.3,0.9823087376254633,T1,2026-02-14
2026-02-15 11:00:00,17.9,7.1,0.9868053044368434,T1,2026-02-14
2026-02-15 12:00:00,16.2,4.9,0.97795538341722,T1,2026-02-14
2026-02-15 13:00:00,13.9,2.6,0.9907022580966449,T1,2026-02-14
2026-02-15 14:00:00,14.0,1.9,0.9899250979304931,T1,2026-02-14
2026-02-15 15:00:00,13.2,1.6,0.9843818950306137,T1,2026-02-14
2026-02-15 16:00:00,9.7,1.5,0.7962003975789718,T1,2026-02-14
2026-02-15 17:00:00,7.6,1.6,0.4548204508179568,T1,2026-02-14
2026-02-15 18:00:00,10.1,1.8,0.8650283861925773,T1,2026-02-14
2026-02-15 19:00:00,10.8,1.6,0.9455968208900751,T1,2026-02-14
2026-02-15 20:00:00,8.7,1.5,0.6574138908998999,T1,2026-02-14
2026-02-15 21:00:00,12.2,1.7,0.9868636047545037,T1,2026-02-14
2026-02-15 22:00:00,14.1,1.7,0.8794738252078419,T1,2026-02-14
2026-02-15 23:00:00,13.5,1.2,0.9873211570464718,T1,2026-02-14
2026-02-16 00:00:00,12.5,1.6,0.9931517720154869,T1,2026-02-14
2026-02-16 01:00:00,10.5,1.0,0.908200094996696,T1,2026-02-14
2026-02-16 02:00:00,12.1,0.7,0.9843703381156381,T1,2026-02-14
2026-02-16 03:00:00,13.9,2.1,0.9935488270182837,T1,2026-02-14
2026-02-16 04:00:00,10.3,3.1,0.8875370041646621,T1,2026-02-14
2026-02-16 05:00:00,13.7,4.7,0.9913680227221044,T1,2026-02-14
2026-02-16 06:00:00,18.6,7.6,0.9966727981580694,T1,2026-02-14
2026-02-16 07:00:00,20.2,8.5,0.9983751852703667,T1,2026-02-14
2026-02-16 08:00:00,19.8,8.9,1.0032943927739857,T1,2026-02-14
2026-02-16 09:00:00,18.1,9.4,1.0035706249915404,T1,2026-02-14
2026-02-16 10:00:00,15.0,8.4,1.0041218851406153,T1,2026-02-14
2026-02-16 11:00:00,10.3,7.9,0.8802129614507073,T1,2026-02-14
2026-02-16 12:00:00,10.1,6.9,0.8659331910935099,T1,2026-02-14
2026-02-16 13:00:00,7.8,4.7,0.5013083046713115,T1,2026-02-14
2026-02-16 14:00:00,8.9,3.9,0.6842942412522173,T1,2026-02-14
2026-02-16 15:00:00,10.6,4.0,0.9133140400566347,T1,2026-02-14
2026-02-16 16:00:00,11.6,3.8,0.9881955906191633,T1,2026-02-14
2026-02-16 17:00:00,9.9,3.5,0.8304331805160652,T1,2026-02-14
2026-02-16 18:00:00,7.1,3.2,0.3707043724027912,T1,2026-02-14
2026-02-16 19:00:00,9.1,3.5,0.7167778932376834,T1,2026-02-14
2026-02-16 20:00:00,8.0,2.9,0.5413116156215749,T1,2026-02-14
2026-02-16 21:00:00,7.2,2.8,0.4010884065296475,T1,2026-02-14
2026-02-16 22:00:00,6.3,3.1,0.2495419890485515,T1,2026-02-14
2026-02-16 23:00:00,7.1,3.4,0.37540375393978664,T1,2026-02-14
2026-02-14 00:00:00,12.7,-0.6,0.9771723275264591,T2,2026-02-14
2026-02-14 01:00:00,5.8,-1.5,0.15117661762978116,T2,2026-02-14
2026-02-14 02:00:00,6.1,-2.4,0.17419954090493928,T2,2026-02-14
2026-02-14 03:00:00,6.7,-0.9,0.27416450809714915,T2,2026-02-14
2026-02-14 04:00:00,8.3,1.1,0.550308032575755,T2,2026-02-14
2026-02-14 05:00:00,8.5,1.9,0.5879897330350614,T2,2026-02-14
2026-02-14 06:00:00,9.5,3.0,0.7339100611123727,T2,2026-02-14
2026-02-14 07:00:00,5.8,3.7,0.17153900456566654,T2,2026-02-14
2026-02-14 08:00:00,2.5,4.3,0.016295718595840947,T2,2026-02-14
2026-02-14 09:00:00,1.6,3.7,0.014212761219576597,T2,2026-02-14
2026-02-14 10:00:00,2.0,3.5,0.01012988336017051,T2,2026-02-14
2026-02-14 11:00:00,2.0,3.7,0.008810805649393405,T2,2026-02-14
2026-02-14 12:00:00,5.4,1.0,0.09890644297752355,T2,2026-02-14
2026-02-14 13:00:00,4.2,-0.4,0.03329284002317673,T2,2026-02-14
2026-02-14 14:00:00,1.3,-0.1,0.0024934675941909457,T2,2026-02-14
2026-02-14 15:00:00,3.7,-1.3,0.016427006754700046,T2,2026-02-14
2026-02-14 16:00:00,1.5,0.1,0.0030636084785632955,T2,2026-02-14
2026-02-14 17:00:00,2.7,0.3,0.010867390157141998,T2,2026-02-14
2026-02-14 18:00:00,1.4,0.4,0.007802203715578215,T2,2026-02-14
2026-02-14 19:00:00,2.7,-0.1,0.014131084209208944,T2,2026-02-14
2026-02-14 20:00:00,5.2,-0.3,0.09956111548148205,T2,2026-02-14
2026-02-14 21:00:00,4.1,-0.5,0.03867903679928125,T2,2026-02-14
2026-02-14 22:00:00,5.1,-1.5,0.08921088221041079,T2,2026-02-14
2026-02-14 23:00:00,4.9,-1.8,0.06466372544064203,T2,2026-02-14
2026-02-15 00:00:00,6.6,-1.7,0.25667958626818577,T2,2026-02-14
2026-02-15 01:00:00,7.4,-1.8,0.38578183926115706,T2,2026-02-14
2026-02-15 02:00:00,9.6,-1.8,0.7296434072333056,T2,2026-02-14
2026-02-15 03:00:00,10.7,-0.6,0.9160878802485977,T2,2026-02-14
2026-02-15 04:00:00,13.8,2.6,0.9894449614627953,T2,2026-02-14
2026-02-15 05:00:00,15.3,3.7,0.9922355547074972,T2,2026-02-14
2026-02-15 06:00:00,21.2,6.7,0.9966448908384937,T2,2026-02-14
2026-02-15 07:00:00,24.8,7.6,0.9901205008457519,T2,2026-02-14
2026-02-15 08:00:00,23.6,8.3,0.9883305832617697,T2,2026-02-14
2026-02-15 09:00:00,21.9,9.1,0.9878130494389676,T2,2026-02-14
2026-02-15 10:00:00,19.9,8.3,0.9893240263303213,T2,2026-02-14
2026-02-15 11:00:00,17.9,7.1,0.9855746464874898,T2,2026-02-14
2026-02-15 12:00:00,16.2,4.9,0.9899532512233222,T2,2026-02-14
2026-02-15 13:00:00,13.9,2.6,0.9600446830898648,T2,2026-02-14
2026-02-15 14:00:00,14.0,1.9,0.9578848390714895,T2,2026-02-14
2026-02-15 15:00:00,13.2,1.6,0.9846387179616249,T2,2026-02-14
2026-02-15 16:00:00,9.7,1.5,0.7511536806110444,T2,2026-02-14
2026-02-15 17:00:00,7.6,1.6,0.41292225546916095,T2,2026-02-14
2026-02-15 18:00:00,10.1,1.8,0.8031107612737687,T2,2026-02-14
2026-02-15 19:00:00,10.8,1.6,0.9036600709572695,T2,2026-02-14
2026-02-15 20:00:00,8.7,1.5,0.5970672925178501,T2,2026-02-14
2026-02-15 21:00:00,12.2,1.7,0.9596508661068626,T2,2026-02-14
2026-02-15 22:00:00,14.1,1.7,0.8478956526381081,T2,2026-02-14
2026-02-15 23:00:00,13.5,1.2,0.9685180703005902,T2,2026-02-14
2026-02-16 00:00:00,12.5,1.6,0.9011166437363882,T2,2026-02-14
2026-02-16 01:00:00,10.5,1.0,0.7923709984548668,T2,2026-02-14
2026-02-16 02:00:00,12.1,0.7,0.9250597977927164,T2,2026-02-14
2026-02-16 03:00:00,13.9,2.1,0.9045829993665969,T2,2026-02-14
2026-02-16 04:00:00,10.3,3.1,0.7690706913065294,T2,2026-02-14
2026-02-16 05:00:00,13.7,4.7,0.8688141663721409,T2,2026-02-14
2026-02-16 06:00:00,18.6,7.6,0.908649334778206,T2,2026-02-14
2026-02-16 07:00:00,20.2,8.5,0.90847721573037,T2,2026-02-14
2026-02-16 08:00:00,19.8,8.9,0.9053115535458761,T2,2026-02-14
2026-02-16 09:00:00,18.1,9.4,0.9076186986295046,T2,2026-02-14
2026-02-16 10:00:00,15.0,8.4,0.8901441889217073,T2,2026-02-14
2026-02-16 11:00:00,10.3,7.9,0.7446144215698403,T2,2026-02-14
2026-02-16 12:00:00,10.1,6.9,0.7158153973109743,T2,2026-02-14
2026-02-16 13:00:00,7.8,4.7,0.34155636571769776,T2,2026-02-14
2026-02-16 14:00:00,8.9,3.9,0.5748272923536317,T2,2026-02-14
2026-02-16 15:00:00,10.6,4.0,0.8734212030104774,T2,2026-02-14
2026-02-16 16:00:00,11.6,3.8,0.9569251920413193,T2,2026-02-14
2026-02-16 17:00:00,9.9,3.5,0.7797439296892874,T2,2026-02-14
2026-02-16 18:00:00,7.1,3.2,0.3239720229856356,T2,2026-02-14
2026-02-16 19:00:00,9.1,3.5,0.6342818574557527,T2,2026-02-14
2026-02-16 20:00:00,8.0,2.9,0.4792693126804996,T2,2026-02-14
2026-02-16 21:00:00,7.2,2.8,0.3431342550406499,T2,2026-02-14
2026-02-16 22:00:00,6.3,3.1,0.23208913800525796,T2,2026-02-14
2026-02-16 23:00:00,7.1,3.4,0.3314816920431612,T2,2026-02-14
2026-02-15 00:00:00,6.6,-1.7,0.26877296570930553,T1,2026-02-15
2026-02-15 01:00:00,7.4,-1.8,0.4140399222765801,T1,2026-02-15
2026-02-15 02:00:00,9.6,-1.8,0.7839433994202744,T1,2026-02-15
2026-02-15 03:00:00,10.7,-0.6,0.9354708124367627,T1,2026-02-15
2026-02-15 04:00:00,13.8,2.6,0.9742398484890411,T1,2026-02-15
2026-02-15 05:00:00,15.3,3.7,0.9618990269060218,T1,2026-02-15
2026-02-15 06:00:00,21.2,6.7,0.9652611717110917,T1,2026-02-15
2026-02-15 07:00:00,24.8,7.6,0.9650134877558766,T1,2026-02-15
2026-02-15 08:00:00,23.6,8.3,0.9773196414744557,T1,2026-02-15
2026-02-15 09:00:00,21.9,9.1,0.9910720414696997,T1,2026-02-15
2026-02-15 10:00:00,19.9,8.3,0.9823087376254633,T1,2026-02-15
2026-02-15 11:00:00,17.9,7.1,0.9868053044368434,T1,2026-02-15
2026-02-15 12:00:00,16.2,4.9,0.97795538341722,T1,2026-02-15
2026-02-15 13:00:00,13.9,2.6,0.9907022580966449,T1,2026-02-15
2026-02-15 14:00:00,14.0,1.9,0.9899250979304931,T1,2026-02-15
2026-02-15 15:00:00,13.2,1.6,0.9843818950306137,T1,2026-02-15
2026-02-15 16:00:00,9.7,1.5,0.7962003975789718,T1,2026-02-15
2026-02-15 17:00:00,7.6,1.6,0.4548204508179568,T1,2026-02-15
2026-02-15 18:00:00,10.1,1.8,0.8650283861925773,T1,2026-02-15
2026-02-15 19:00:00,10.8,1.6,0.9455968208900751,T1,2026-02-15
2026-02-15 20:00:00,8.7,1.5,0.6574138908998999,T1,2026-02-15
2026-02-15 21:00:00,12.2,1.7,0.9868636047545037,T1,2026-02-15
2026-02-15 22:00:00,14.1,1.7,0.8794738252078419,T1,2026-02-15
2026-02-15 23:00:00,13.5,1.2,0.9873211570464718,T1,2026-02-15
2026-02-16 00:00:00,12.5,1.6,0.9931517720154869,T1,2026-02-15
2026-02-16 01:00:00,10.5,1.0,0.908200094996696,T1,2026-02-15
2026-02-16 02:00:00,12.1,0.7,0.9843703381156381,T1,2026-02-15
2026-02-16 03:00:00,13.9,2.1,0.9935488270182837,T1,2026-02-15
2026-02-16 04:00:00,10.3,3.1,0.8875370041646621,T1,2026-02-15
2026-02-16 05:00:00,13.7,4.7,0.9913680227221044,T1,2026-02-15
2026-02-16 06:00:00,18.6,7.6,0.9966727981580694,T1,2026-02-15
2026-02-16 07:00:00,20.2,8.5,0.9983751852703667,T1,2026-02-15
2026-02-16 08:00:00,19.8,8.9,1.0032943927739857,T1,2026-02-15
2026-02-16 09:00:00,18.1,9.4,1.0035706249915404,T1,2026-02-15
2026-02-16 10:00:00,15.0,8.4,1.0041218851406153,T1,2026-02-15
2026-02-16 11:00:00,10.3,7.9,0.8802129614507073,T1,2026-02-15
2026-02-16 12:00:00,10.1,6.9,0.8659331910935099,T1,2026-02-15
2026-02-16 13:00:00,7.8,4.7,0.5013083046713115,T1,2026-02-15
2026-02-16 14:00:00,8.9,3.9,0.6842942412522173,T1,2026-02-15
2026-02-16 15:00:00,10.6,4.0,0.9133140400566347,T1,2026-02-15
2026-02-16 16:00:00,11.6,3.8,0.9881955906191633,T1,2026-02-15
2026-02-16 17:00:00,9.9,3.5,0.8304331805160652,T1,2026-02-15
2026-02-16 18:00:00,7.1,3.2,0.3707043724027912,T1,2026-02-15
2026-02-16 19:00:00,9.1,3.5,0.7167778932376834,T1,2026-02-15
2026-02-16 20:00:00,8.0,2.9,0.5413116156215749,T1,2026-02-15
2026-02-16 21:00:00,7.2,2.8,0.4010884065296475,T1,2026-02-15
2026-02-16 22:00:00,6.3,3.1,0.2495419890485515,T1,2026-02-15
2026-02-16 23:00:00,7.1,3.4,0.37540375393978664,T1,2026-02-15
2026-02-17 00:00:00,10.7,3.4,0.9337043987550472,T1,2026-02-15
2026-02-17 01:00:00,8.2,3.2,0.5669764048275758,T1,2026-02-15
2026-02-17 02:00:00,6.5,2.9,0.2903374302622174,T1,2026-02-15
2026-02-17 03:00:00,10.7,3.1,0.9322775633326184,T1,2026-02-15
2026-02-17 04:00:00,9.6,4.0,0.7852403103750902,T1,2026-02-15
2026-02-17 05:00:00,9.5,5.6,0.7720646550927497,T1,2026-02-15
2026-02-17 06:00:00,10.9,5.5,0.9426591791707168,T1,2026-02-15
2026-02-17 07:00:00,12.1,6.0,0.9899597233005398,T1,2026-02-15
2026-02-17 08:00:00,13.5,7.3,0.9965369834384937,T1,2026-02-15
2026-02-17 09:00:00,13.9,9.2,1.0032873942498013,T1,2026-02-15
2026-02-17 10:00:00,14.2,9.6,1.0026156336242673,T1,2026-02-15
2026-02-17 11:00:00,14.5,8.8,1.0004495505962732,T1,2026-02-15
2026-02-17 12:00:00,13.0,7.1,0.9951847465564783,T1,2026-02-15
2026-02-17 13:00:00,12.7,5.9,0.9935520911066793,T1,2026-02-15
2026-02-17 14:00:00,12.9,4.9,0.9903930559349345,T1,2026-02-15
2026-02-17 15:00:00,12.9,4.2,0.9897124054598807,T1,2026-02-15
2026-02-17 16:00:00,13.6,3.1,0.9896832528408723,T1,2026-02-15
2026-02-17 17:00:00,13.9,1.9,0.996577340601157,T1,2026-02-15
2026-02-17 18:00:00,14.5,1.6,0.9769827811202725,T1,2026-02-15
2026-02-17 19:00:00,13.7,1.3,0.9927138195730119,T1,2026-02-15
2026-02-17 20:00:00,12.6,1.2,0.9910344385987154,T1,2026-02-15
2026-02-17 21:00:00,13.9,1.5,0.9636021916084877,T1,2026-02-15
2026-02-17 22:00:00,14.1,1.7,0.872287862280651,T1,2026-02-15
2026-02-17 23:00:00,15.1,1.8,0.8829764965535781,T1,2026-02-15
2026-02-15 00:00:00,6.6,-1.7,0.25667958626818577,T2,2026-02-15
2026-02-15 01:00:00,7.4,-1.8,0.38578183926115706,T2,2026-02-15
2026-02-15 02:00:00,9.6,-1.8,0.7296434072333056,T2,2026-02-15
2026-02-15 03:00:00,10.7,-0.6,0.9160878802485977,T2,2026-02-15
2026-02-15 04:00:00,13.8,2.6,0.9894449614627953,T2,2026-02-15
2026-02-15 05:00:00,15.3,3.7,0.9922355547074972,T2,2026-02-15
2026-02-15 06:00:00,21.2,6.7,0.9966448908384937,T2,2026-02-15
2026-02-15 07:00:00,24.8,7.6,0.9901205008457519,T2,2026-02-15
2026-02-15 08:00:00,23.6,8.3,0.9883305832617697,T2,2026-02-15
2026-02-15 09:00:00,21.9,9.1,0.9878130494389676,T2,2026-02-15
2026-02-15 10:00:00,19.9,8.3,0.9893240263303213,T2,2026-02-15
2026-02-15 11:00:00,17.9,7.1,0.9855746464874898,T2,2026-02-15
2026-02-15 12:00:00,16.2,4.9,0.9899532512233222,T2,2026-02-15
2026-02-15 13:00:00,13.9,2.6,0.9600446830898648,T2,2026-02-15
2026-02-15 14:00:00,14.0,1.9,0.9578848390714895,T2,2026-02-15
2026-02-15 15:00:00,13.2,1.6,0.9846387179616249,T2,2026-02-15
2026-02-15 16:00:00,9.7,1.5,0.7511536806110444,T2,2026-02-15
2026-02-15 17:00:00,7.6,1.6,0.41292225546916095,T2,2026-02-15
2026-02-15 18:00:00,10.1,1.8,0.8031107612737687,T2,2026-02-15
2026-02-15 19:00:00,10.8,1.6,0.9036600709572695,T2,2026-02-15
2026-02-15 20:00:00,8.7,1.5,0.5970672925178501,T2,2026-02-15
2026-02-15 21:00:00,12.2,1.7,0.9596508661068626,T2,2026-02-15
2026-02-15 22:00:00,14.1,1.7,0.8478956526381081,T2,2026-02-15
2026-02-15 23:00:00,13.5,1.2,0.9685180703005902,T2,2026-02-15
2026-02-16 00:00:00,12.5,1.6,0.9011166437363882,T2,2026-02-15
2026-02-16 01:00:00,10.5,1.0,0.7923709984548668,T2,2026-02-15
2026-02-16 02:00:00,12.1,0.7,0.9250597977927164,T2,2026-02-15
2026-02-16 03:00:00,13.9,2.1,0.9045829993665969,T2,2026-02-15
2026-02-16 04:00:00,10.3,3.1,0.7690706913065294,T2,2026-02-15
2026-02-16 05:00:00,13.7,4.7,0.8688141663721409,T2,2026-02-15
2026-02-16 06:00:00,18.6,7.6,0.908649334778206,T2,2026-02-15
2026-02-16 07:00:00,20.2,8.5,0.90847721573037,T2,2026-02-15
2026-02-16 08:00:00,19.8,8.9,0.9053115535458761,T2,2026-02-15
2026-02-16 09:00:00,18.1,9.4,0.9076186986295046,T2,2026-02-15
2026-02-16 10:00:00,15.0,8.4,0.8901441889217073,T2,2026-02-15
2026-02-16 11:00:00,10.3,7.9,0.7446144215698403,T2,2026-02-15
2026-02-16 12:00:00,10.1,6.9,0.7158153973109743,T2,2026-02-15
2026-02-16 13:00:00,7.8,4.7,0.34155636571769776,T2,2026-02-15
2026-02-16 14:00:00,8.9,3.9,0.5748272923536317,T2,2026-02-15
2026-02-16 15:00:00,10.6,4.0,0.8734212030104774,T2,2026-02-15
2026-02-16 16:00:00,11.6,3.8,0.9569251920413193,T2,2026-02-15
2026-02-16 17:00:00,9.9,3.5,0.7797439296892874,T2,2026-02-15
2026-02-16 18:00:00,7.1,3.2,0.3239720229856356,T2,2026-02-15
2026-02-16 19:00:00,9.1,3.5,0.6342818574557527,T2,2026-02-15
2026-02-16 20:00:00,8.0,2.9,0.4792693126804996,T2,2026-02-15
2026-02-16 21:00:00,7.2,2.8,0.3431342550406499,T2,2026-02-15
2026-02-16 22:00:00,6.3,3.1,0.23208913800525796,T2,2026-02-15
2026-02-16 23:00:00,7.1,3.4,0.3314816920431612,T2,2026-02-15
2026-02-17 00:00:00,10.7,3.4,0.9135420573803834,T2,2026-02-15
2026-02-17 01:00:00,8.2,3.2,0.5118375746258708,T2,2026-02-15
2026-02-17 02:00:00,6.5,2.9,0.26368145312484126,T2,2026-02-15
2026-02-17 03:00:00,10.7,3.1,0.9120568089184916,T2,2026-02-15
2026-02-17 04:00:00,9.6,4.0,0.75411683086879,T2,2026-02-15
2026-02-17 05:00:00,9.5,5.6,0.745977316827402,T2,2026-02-15
2026-02-17 06:00:00,10.9,5.5,0.9279732712849803,T2,2026-02-15
2026-02-17 07:00:00,12.1,6.0,0.969750590480749,T2,2026-02-15
2026-02-17 08:00:00,13.5,7.3,0.9771181881034691,T2,2026-02-15
2026-02-17 09:00:00,13.9,9.2,0.9710155728860981,T2,2026-02-15
2026-02-17 10:00:00,14.2,9.6,0.9753703041096785,T2,2026-02-15
2026-02-17 11:00:00,14.5,8.8,0.9709275593237933,T2,2026-02-15
2026-02-17 12:00:00,13.0,7.1,0.9751233698661256,T2,2026-02-15
2026-02-17 13:00:00,12.7,5.9,0.9702266911726407,T2,2026-02-15
2026-02-17 14:00:00,12.9,4.9,0.9719285989334874,T2,2026-02-15
2026-02-17 15:00:00,12.9,4.2,0.9719027582019327,T2,2026-02-15
2026-02-17 16:00:00,13.6,3.1,0.9794499128409475,T2,2026-02-15
2026-02-17 17:00:00,13.9,1.9,0.969216554005327,T2,2026-02-15
2026-02-17 18:00:00,14.5,1.6,0.9347157909555417,T2,2026-02-15
2026-02-17 19:00:00,13.7,1.3,0.9817624702590478,T2,2026-02-15
2026-02-17 20:00:00,12.6,1.2,0.9789712966917962,T2,2026-02-15
2026-02-17 21:00:00,13.9,1.5,0.819969545601438,T2,2026-02-15
2026-02-17 22:00:00,14.1,1.7,0.8166727781070082,T2,2026-02-15
2026-02-17 23:00:00,15.1,1.8,0.6183429578827557,T2,2026-02-15
2026-02-16 00:00:00,12.5,1.6,0.9931517720154869,T1,2026-02-16
2026-02-16 01:00:00,10.5,1.0,0.908200094996696,T1,2026-02-16
2026-02-16 02:00:00,12.1,0.7,0.9843703381156381,T1,2026-02-16
2026-02-16 03:00:00,13.9,2.1,0.9935488270182837,T1,2026-02-16
2026-02-16 04:00:00,10.3,3.1,0.8875370041646621,T1,2026-02-16
2026-02-16 05:00:00,13.7,4.7,0.9913680227221044,T1,2026-02-16
2026-02-16 06:00:00,18.6,7.6,0.9966727981580694,T1,2026-02-16
2026-02-16 07:00:00,20.2,8.5,0.9983751852703667,T1,2026-02-16
2026-02-16 08:00:00,19.8,8.9,1.0032943927739857,T1,2026-02-16
2026-02-16 09:00:00,18.1,9.4,1.0035706249915404,T1,2026-02-16
2026-02-16 10:00:00,15.0,8.4,1.0041218851406153,T1,2026-02-16
2026-02-16 11:00:00,10.3,7.9,0.8802129614507073,T1,2026-02-16
2026-02-16 12:00:00,10.1,6.9,0.8659331910935099,T1,2026-02-16
2026-02-16 13:00:00,7.8,4.7,0.5013083046713115,T1,2026-02-16
2026-02-16 14:00:00,8.9,3.9,0.6842942412522173,T1,2026-02-16
2026-02-16 15:00:00,10.6,4.0,0.9133140400566347,T1,2026-02-16
2026-02-16 16:00:00,11.6,3.8,0.9881955906191633,T1,2026-02-16
2026-02-16 17:00:00,9.9,3.5,0.8304331805160652,T1,2026-02-16
2026-02-16 18:00:00,7.1,3.2,0.3707043724027912,T1,2026-02-16
2026-02-16 19:00:00,9.1,3.5,0.7167778932376834,T1,2026-02-16
2026-02-16 20:00:00,8.0,2.9,0.5413116156215749,T1,2026-02-16
2026-02-16 21:00:00,7.2,2.8,0.4010884065296475,T1,2026-02-16
2026-02-16 22:00:00,6.3,3.1,0.2495419890485515,T1,2026-02-16
2026-02-16 23:00:00,7.1,3.4,0.37540375393978664,T1,2026-02-16
2026-02-17 00:00:00,10.7,3.4,0.9337043987550472,T1,2026-02-16
2026-02-17 01:00:00,8.2,3.2,0.5669764048275758,T1,2026-02-16
2026-02-17 02:00:00,6.5,2.9,0.2903374302622174,T1,2026-02-16
2026-02-17 03:00:00,10.7,3.1,0.9322775633326184,T1,2026-02-16
2026-02-17 04:00:00,9.6,4.0,0.7852403103750902,T1,2026-02-16
2026-02-17 05:00:00,9.5,5.6,0.7720646550927497,T1,2026-02-16
2026-02-17 06:00:00,10.9,5.5,0.9426591791707168,T1,2026-02-16
2026-02-17 07:00:00,12.1,6.0,0.9899597233005398,T1,2026-02-16
2026-02-17 08:00:00,13.5,7.3,0.9965369834384937,T1,2026-02-16
2026-02-17 09:00:00,13.9,9.2,1.0032873942498013,T1,2026-02-16
2026-02-17 10:00:00,14.2,9.6,1.0026156336242673,T1,2026-02-16
2026-02-17 11:00:00,14.5,8.8,1.0004495505962732,T1,2026-02-16
2026-02-17 12:00:00,13.0,7.1,0.9951847465564783,T1,2026-02-16
2026-02-17 13:00:00,12.7,5.9,0.9935520911066793,T1,2026-02-16
2026-02-17 14:00:00,12.9,4.9,0.9903930559349345,T1,2026-02-16
2026-02-17 15:00:00,12.9,4.2,0.9897124054598807,T1,2026-02-16
2026-02-17 16:00:00,13.6,3.1,0.9896832528408723,T1,2026-02-16
2026-02-17 17:00:00,13.9,1.9,0.996577340601157,T1,2026-02-16
2026-02-17 18:00:00,14.5,1.6,0.9769827811202725,T1,2026-02-16
2026-02-17 19:00:00,13.7,1.3,0.9927138195730119,T1,2026-02-16
2026-02-17 20:00:00,12.6,1.2,0.9910344385987154,T1,2026-02-16
2026-02-17 21:00:00,13.9,1.5,0.9636021916084877,T1,2026-02-16
2026-02-17 22:00:00,14.1,1.7,0.872287862280651,T1,2026-02-16
2026-02-17 23:00:00,15.1,1.8,0.8829764965535781,T1,2026-02-16
2026-02-18 00:00:00,13.3,2.1,0.9912926618079696,T1,2026-02-16
2026-02-18 01:00:00,15.0,1.7,0.9994567144575983,T1,2026-02-16
2026-02-18 02:00:00,15.9,1.7,0.9891011786372131,T1,2026-02-16
2026-02-18 03:00:00,18.1,2.9,0.9925921629091207,T1,2026-02-16
2026-02-18 04:00:00,18.4,5.4,0.9924595335374687,T1,2026-02-16
2026-02-18 05:00:00,25.2,8.5,0.9935676178857866,T1,2026-02-16
2026-02-18 06:00:00,29.8,10.9,0.9960430402898688,T1,2026-02-16
2026-02-18 07:00:00,28.7,12.8,1.0050996012426008,T1,2026-02-16
2026-02-18 08:00:00,27.4,13.9,1.0056766988698032,T1,2026-02-16
2026-02-18 09:00:00,26.4,14.0,1.0072026851529454,T1,2026-02-16
2026-02-18 10:00:00,24.4,13.2,1.0027247792748901,T1,2026-02-16
2026-02-18 11:00:00,21.5,11.7,0.9945072769606274,T1,2026-02-16
2026-02-18 12:00:00,16.8,9.5,0.9955623400449076,T1,2026-02-16
2026-02-18 13:00:00,14.5,7.3,1.000247303223757,T1,2026-02-16
2026-02-18 14:00:00,12.6,5.2,0.9801478542340479,T1,2026-02-16
2026-02-18 15:00:00,12.9,4.5,0.9818162206890818,T1,2026-02-16
2026-02-18 16:00:00,10.7,3.6,0.9283374741454481,T1,2026-02-16
2026-02-18 17:00:00,11.6,2.9,0.9832086678248719,T1,2026-02-16
2026-02-18 18:00:00,10.8,2.8,0.9407149667697096,T1,2026-02-16
2026-02-18 19:00:00,9.8,2.2,0.8205304548627106,T1,2026-02-16
2026-02-18 20:00:00,9.7,1.7,0.7992398735089652,T1,2026-02-16
2026-02-18 21:00:00,8.9,1.4,0.6863932959386485,T1,2026-02-16
2026-02-18 22:00:00,9.0,1.8,0.6970269524106933,T1,2026-02-16
2026-02-18 23:00:00,8.6,1.9,0.634650450243989,T1,2026-02-16
2026-02-16 00:00:00,12.5,1.6,0.9011166437363882,T2,2026-02-16
2026-02-16 01:00:00,10.5,1.0,0.7923709984548668,T2,2026-02-16
2026-02-16 02:00:00,12.1,0.7,0.9250597977927164,T2,2026-02-16
2026-02-16 03:00:00,13.9,2.1,0.9045829993665969,T2,2026-02-16
2026-02-16 04:00:00,10.3,3.1,0.7690706913065294,T2,2026-02-16
2026-02-16 05:00:00,13.7,4.7,0.8688141663721409,T2,2026-02-16
2026-02-16 06:00:00,18.6,7.6,0.908649334778206,T2,2026-02-16
2026-02-16 07:00:00,20.2,8.5,0.90847721573037,T2,2026-02-16
2026-02-16 08:00:00,19.8,8.9,0.9053115535458761,T2,2026-02-16
2026-02-16 09:00:00,18.1,9.4,0.9076186986295046,T2,2026-02-16
2026-02-16 10:00:00,15.0,8.4,0.8901441889217073,T2,2026-02-16
2026-02-16 11:00:00,10.3,7.9,0.7446144215698403,T2,2026-02-16
2026-02-16 12:00:00,10.1,6.9,0.7158153973109743,T2,2026-02-16
2026-02-16 13:00:00,7.8,4.7,0.34155636571769776,T2,2026-02-16
2026-02-16 14:00:00,8.9,3.9,0.5748272923536317,T2,2026-02-16
2026-02-16 15:00:00,10.6,4.0,0.8734212030104774,T2,2026-02-16
2026-02-16 16:00:00,11.6,3.8,0.9569251920413193,T2,2026-02-16
2026-02-16 17:00:00,9.9,3.5,0.7797439296892874,T2,2026-02-16
2026-02-16 18:00:00,7.1,3.2,0.3239720229856356,T2,2026-02-16
2026-02-16 19:00:00,9.1,3.5,0.6342818574557527,T2,2026-02-16
2026-02-16 20:00:00,8.0,2.9,0.4792693126804996,T2,2026-02-16
2026-02-16 21:00:00,7.2,2.8,0.3431342550406499,T2,2026-02-16
2026-02-16 22:00:00,6.3,3.1,0.23208913800525796,T2,2026-02-16
2026-02-16 23:00:00,7.1,3.4,0.3314816920431612,T2,2026-02-16
2026-02-17 00:00:00,10.7,3.4,0.9135420573803834,T2,2026-02-16
2026-02-17 01:00:00,8.2,3.2,0.5118375746258708,T2,2026-02-16
2026-02-17 02:00:00,6.5,2.9,0.26368145312484126,T2,2026-02-16
2026-02-17 03:00:00,10.7,3.1,0.9120568089184916,T2,2026-02-16
2026-02-17 04:00:00,9.6,4.0,0.75411683086879,T2,2026-02-16
2026-02-17 05:00:00,9.5,5.6,0.745977316827402,T2,2026-02-16
2026-02-17 06:00:00,10.9,5.5,0.9279732712849803,T2,2026-02-16
2026-02-17 07:00:00,12.1,6.0,0.969750590480749,T2,2026-02-16
2026-02-17 08:00:00,13.5,7.3,0.9771181881034691,T2,2026-02-16
2026-02-17 09:00:00,13.9,9.2,0.9710155728860981,T2,2026-02-16
2026-02-17 10:00:00,14.2,9.6,0.9753703041096785,T2,2026-02-16
2026-02-17 11:00:00,14.5,8.8,0.9709275593237933,T2,2026-02-16
2026-02-17 12:00:00,13.0,7.1,0.9751233698661256,T2,2026-02-16
2026-02-17 13:00:00,12.7,5.9,0.9702266911726407,T2,2026-02-16
2026-02-17 14:00:00,12.9,4.9,0.9719285989334874,T2,2026-02-16
2026-02-17 15:00:00,12.9,4.2,0.9719027582019327,T2,2026-02-16
2026-02-17 16:00:00,13.6,3.1,0.9794499128409475,T2,2026-02-16
2026-02-17 17:00:00,13.9,1.9,0.969216554005327,T2,2026-02-16
2026-02-17 18:00:00,14.5,1.6,0.9347157909555417,T2,2026-02-16
2026-02-17 19:00:00,13.7,1.3,0.9817624702590478,T2,2026-02-16
2026-02-17 20:00:00,12.6,1.2,0.9789712966917962,T2,2026-02-16
2026-02-17 21:00:00,13.9,1.5,0.819969545601438,T2,2026-02-16
2026-02-17 22:00:00,14.1,1.7,0.8166727781070082,T2,2026-02-16
2026-02-17 23:00:00,15.1,1.8,0.6183429578827557,T2,2026-02-16
2026-02-18 00:00:00,13.3,2.1,0.9821117301231377,T2,2026-02-16
2026-02-18 01:00:00,15.0,1.7,0.9634466755250639,T2,2026-02-16
2026-02-18 02:00:00,15.9,1.7,0.9608233824941002,T2,2026-02-16
2026-02-18 03:00:00,18.1,2.9,0.9786530796319017,T2,2026-02-16
2026-02-18 04:00:00,18.4,5.4,0.9782467478613489,T2,2026-02-16
2026-02-18 05:00:00,25.2,8.5,0.9809211535902836,T2,2026-02-16
2026-02-18 06:00:00,29.8,10.9,0.9776203486583274,T2,2026-02-16
2026-02-18 07:00:00,28.7,12.8,0.9688594764461056,T2,2026-02-16
2026-02-18 08:00:00,27.4,13.9,0.9680389775431019,T2,2026-02-16
2026-02-18 09:00:00,26.4,14.0,0.965881726584301,T2,2026-02-16
2026-02-18 10:00:00,24.4,13.2,0.950836348396301,T2,2026-02-16
2026-02-18 11:00:00,21.5,11.7,0.9579840817314138,T2,2026-02-16
2026-02-18 12:00:00,16.8,9.5,0.9761933279744845,T2,2026-02-16
2026-02-18 13:00:00,14.5,7.3,0.9789176793900181,T2,2026-02-16
2026-02-18 14:00:00,12.6,5.2,0.9707932226996624,T2,2026-02-16
2026-02-18 15:00:00,12.9,4.5,0.9690864014362078,T2,2026-02-16
2026-02-18 16:00:00,10.7,3.6,0.9171863405269773,T2,2026-02-16
2026-02-18 17:00:00,11.6,2.9,0.9692960293469718,T2,2026-02-16
2026-02-18 18:00:00,10.8,2.8,0.9306619276480071,T2,2026-02-16
2026-02-18 19:00:00,9.8,2.2,0.7801487081778641,T2,2026-02-16
2026-02-18 20:00:00,9.7,1.7,0.7802237706297694,T2,2026-02-16
2026-02-18 21:00:00,8.9,1.4,0.6659875130195687,T2,2026-02-16
2026-02-18 22:00:00,9.0,1.8,0.669517351211546,T2,2026-02-16
2026-02-18 23:00:00,8.6,1.9,0.6070891260054992,T2,2026-02-16
2026-02-17 00:00:00,10.7,3.4,0.9337043987550472,T1,2026-02-17
2026-02-17 01:00:00,8.2,3.2,0.5669764048275758,T1,2026-02-17
2026-02-17 02:00:00,6.5,2.9,0.2903374302622174,T1,2026-02-17
2026-02-17 03:00:00,10.7,3.1,0.9322775633326184,T1,2026-02-17
2026-02-17 04:00:00,9.6,4.0,0.7852403103750902,T1,2026-02-17
2026-02-17 05:00:00,9.5,5.6,0.7720646550927497,T1,2026-02-17
2026-02-17 06:00:00,10.9,5.5,0.9426591791707168,T1,2026-02-17
2026-02-17 07:00:00,12.1,6.0,0.9899597233005398,T1,2026-02-17
2026-02-17 08:00:00,13.5,7.3,0.9965369834384937,T1,2026-02-17
2026-02-17 09:00:00,13.9,9.2,1.0032873942498013,T1,2026-02-17
2026-02-17 10:00:00,14.2,9.6,1.0026156336242673,T1,2026-02-17
2026-02-17 11:00:00,14.5,8.8,1.0004495505962732,T1,2026-02-17
2026-02-17 12:00:00,13.0,7.1,0.9951847465564783,T1,2026-02-17
2026-02-17 13:00:00,12.7,5.9,0.9935520911066793,T1,2026-02-17
2026-02-17 14:00:00,12.9,4.9,0.9903930559349345,T1,2026-02-17
2026-02-17 15:00:00,12.9,4.2,0.9897124054598807,T1,2026-02-17
2026-02-17 16:00:00,13.6,3.1,0.9896832528408723,T1,2026-02-17
2026-02-17 17:00:00,13.9,1.9,0.996577340601157,T1,2026-02-17
2026-02-17 18:00:00,14.5,1.6,0.9769827811202725,T1,2026-02-17
2026-02-17 19:00:00,13.7,1.3,0.9927138195730119,T1,2026-02-17
2026-02-17 20:00:00,12.6,1.2,0.9910344385987154,T1,2026-02-17
2026-02-17 21:00:00,13.9,1.5,0.9636021916084877,T1,2026-02-17
2026-02-17 22:00:00,14.1,1.7,0.872287862280651,T1,2026-02-17
2026-02-17 23:00:00,15.1,1.8,0.8829764965535781,T1,2026-02-17
2026-02-18 00:00:00,13.3,2.1,0.9912926618079696,T1,2026-02-17
2026-02-18 01:00:00,15.0,1.7,0.9994567144575983,T1,2026-02-17
2026-02-18 02:00:00,15.9,1.7,0.9891011786372131,T1,2026-02-17
2026-02-18 03:00:00,18.1,2.9,0.9925921629091207,T1,2026-02-17
2026-02-18 04:00:00,18.4,5.4,0.9924595335374687,T1,2026-02-17
2026-02-18 05:00:00,25.2,8.5,0.9935676178857866,T1,2026-02-17
2026-02-18 06:00:00,29.8,10.9,0.9960430402898688,T1,2026-02-17
2026-02-18 07:00:00,28.7,12.8,1.0050996012426008,T1,2026-02-17
2026-02-18 08:00:00,27.4,13.9,1.0056766988698032,T1,2026-02-17
2026-02-18 09:00:00,26.4,14.0,1.0072026851529454,T1,2026-02-17
2026-02-18 10:00:00,24.4,13.2,1.0027247792748901,T1,2026-02-17
2026-02-18 11:00:00,21.5,11.7,0.9945072769606274,T1,2026-02-17
2026-02-18 12:00:00,16.8,9.5,0.9955623400449076,T1,2026-02-17
2026-02-18 13:00:00,14.5,7.3,1.000247303223757,T1,2026-02-17
2026-02-18 14:00:00,12.6,5.2,0.9801478542340479,T1,2026-02-17
2026-02-18 15:00:00,12.9,4.5,0.9818162206890818,T1,2026-02-17
2026-02-18 16:00:00,10.7,3.6,0.9283374741454481,T1,2026-02-17
2026-02-18 17:00:00,11.6,2.9,0.9832086678248719,T1,2026-02-17
2026-02-18 18:00:00,10.8,2.8,0.9407149667697096,T1,2026-02-17
2026-02-18 19:00:00,9.8,2.2,0.8205304548627106,T1,2026-02-17
2026-02-18 20:00:00,9.7,1.7,0.7992398735089652,T1,2026-02-17
2026-02-18 21:00:00,8.9,1.4,0.6863932959386485,T1,2026-02-17
2026-02-18 22:00:00,9.0,1.8,0.6970269524106933,T1,2026-02-17
2026-02-18 23:00:00,8.6,1.9,0.634650450243989,T1,2026-02-17
2026-02-19 00:00:00,7.2,1.6,0.400548014475644,T1,2026-02-17
2026-02-19 01:00:00,7.7,1.4,0.485215588581925,T1,2026-02-17
2026-02-19 02:00:00,8.2,1.9,0.5633092316500018,T1,2026-02-17
2026-02-19 03:00:00,10.8,4.5,0.9481601334680415,T1,2026-02-17
2026-02-19 04:00:00,12.5,7.4,0.98460276148929,T1,2026-02-17
2026-02-19 05:00:00,13.1,10.5,0.9957739190495237,T1,2026-02-17
2026-02-19 06:00:00,19.0,10.9,1.0007559172014189,T1,2026-02-17
2026-02-19 07:00:00,15.5,12.6,0.9900910939245926,T1,2026-02-17
2026-02-19 08:00:00,15.2,13.3,0.9971367558225747,T1,2026-02-17
2026-02-19 09:00:00,13.8,14.1,1.0063003807969189,T1,2026-02-17
2026-02-19 10:00:00,13.1,13.8,0.9903214147636049,T1,2026-02-17
2026-02-19 11:00:00,10.9,11.9,0.9388818850185304,T1,2026-02-17
2026-02-19 12:00:00,7.3,10.0,0.41959550501471393,T1,2026-02-17
2026-02-19 13:00:00,7.3,8.6,0.4180815195468991,T1,2026-02-17
2026-02-19 14:00:00,3.7,8.9,0.044360192328452064,T1,2026-02-17
2026-02-19 15:00:00,4.2,9.5,0.06818463597299479,T1,2026-02-17
2026-02-19 16:00:00,4.1,8.9,0.06329354713228696,T1,2026-02-17
2026-02-19 17:00:00,7.3,8.6,0.41809935070886467,T1,2026-02-17
2026-02-19 18:00:00,6.2,9.0,0.23987011155255505,T1,2026-02-17
2026-02-19 19:00:00,12.2,8.9,0.9908837456095722,T1,2026-02-17
2026-02-19 20:00:00,11.7,9.0,0.9907869065752067,T1,2026-02-17
2026-02-19 21:00:00,8.1,7.6,0.5433960263505316,T1,2026-02-17
2026-02-19 22:00:00,10.2,7.0,0.8656625633984213,T1,2026-02-17
2026-02-19 23:00:00,11.5,6.4,0.9836575633264377,T1,2026-02-17
2026-02-17 00:00:00,10.7,3.4,0.9135420573803834,T2,2026-02-17
2026-02-17 01:00:00,8.2,3.2,0.5118375746258708,T2,2026-02-17
2026-02-17 02:00:00,6.5,2.9,0.26368145312484126,T2,2026-02-17
2026-02-17 03:00:00,10.7,3.1,0.9120568089184916,T2,2026-02-17
2026-02-17 04:00:00,9.6,4.0,0.75411683086879,T2,2026-02-17
2026-02-17 05:00:00,9.5,5.6,0.745977316827402,T2,2026-02-17
2026-02-17 06:00:00,10.9,5.5,0.9279732712849803,T2,2026-02-17
2026-02-17 07:00:00,12.1,6.0,0.969750590480749,T2,2026-02-17
2026-02-17 08:00:00,13.5,7.3,0.9771181881034691,T2,2026-02-17
2026-02-17 09:00:00,13.9,9.2,0.9710155728860981,T2,2026-02-17
2026-02-17 10:00:00,14.2,9.6,0.9753703041096785,T2,2026-02-17
2026-02-17 11:00:00,14.5,8.8,0.9709275593237933,T2,2026-02-17
2026-02-17 12:00:00,13.0,7.1,0.9751233698661256,T2,2026-02-17
2026-02-17 13:00:00,12.7,5.9,0.9702266911726407,T2,2026-02-17
2026-02-17 14:00:00,12.9,4.9,0.9719285989334874,T2,2026-02-17
2026-02-17 15:00:00,12.9,4.2,0.9719027582019327,T2,2026-02-17
2026-02-17 16:00:00,13.6,3.1,0.9794499128409475,T2,2026-02-17
2026-02-17 17:00:00,13.9,1.9,0.969216554005327,T2,2026-02-17
2026-02-17 18:00:00,14.5,1.6,0.9347157909555417,T2,2026-02-17
2026-02-17 19:00:00,13.7,1.3,0.9817624702590478,T2,2026-02-17
2026-02-17 20:00:00,12.6,1.2,0.9789712966917962,T2,2026-02-17
2026-02-17 21:00:00,13.9,1.5,0.819969545601438,T2,2026-02-17
2026-02-17 22:00:00,14.1,1.7,0.8166727781070082,T2,2026-02-17
2026-02-17 23:00:00,15.1,1.8,0.6183429578827557,T2,2026-02-17
2026-02-18 00:00:00,13.3,2.1,0.9821117301231377,T2,2026-02-17
2026-02-18 01:00:00,15.0,1.7,0.9634466755250639,T2,2026-02-17
2026-02-18 02:00:00,15.9,1.7,0.9608233824941002,T2,2026-02-17
2026-02-18 03:00:00,18.1,2.9,0.9786530796319017,T2,2026-02-17
2026-02-18 04:00:00,18.4,5.4,0.9782467478613489,T2,2026-02-17
2026-02-18 05:00:00,25.2,8.5,0.9809211535902836,T2,2026-02-17
2026-02-18 06:00:00,29.8,10.9,0.9776203486583274,T2,2026-02-17
2026-02-18 07:00:00,28.7,12.8,0.9688594764461056,T2,2026-02-17
2026-02-18 08:00:00,27.4,13.9,0.9680389775431019,T2,2026-02-17
2026-02-18 09:00:00,26.4,14.0,0.965881726584301,T2,2026-02-17
2026-02-18 10:00:00,24.4,13.2,0.950836348396301,T2,2026-02-17
2026-02-18 11:00:00,21.5,11.7,0.9579840817314138,T2,2026-02-17
2026-02-18 12:00:00,16.8,9.5,0.9761933279744845,T2,2026-02-17
2026-02-18 13:00:00,14.5,7.3,0.9789176793900181,T2,2026-02-17
2026-02-18 14:00:00,12.6,5.2,0.9707932226996624,T2,2026-02-17
2026-02-18 15:00:00,12.9,4.5,0.9690864014362078,T2,2026-02-17
2026-02-18 16:00:00,10.7,3.6,0.9171863405269773,T2,2026-02-17
2026-02-18 17:00:00,11.6,2.9,0.9692960293469718,T2,2026-02-17
2026-02-18 18:00:00,10.8,2.8,0.9306619276480071,T2,2026-02-17
2026-02-18 19:00:00,9.8,2.2,0.7801487081778641,T2,2026-02-17
2026-02-18 20:00:00,9.7,1.7,0.7802237706297694,T2,2026-02-17
2026-02-18 21:00:00,8.9,1.4,0.6659875130195687,T2,2026-02-17
2026-02-18 22:00:00,9.0,1.8,0.669517351211546,T2,2026-02-17
2026-02-18 23:00:00,8.6,1.9,0.6070891260054992,T2,2026-02-17
2026-02-19 00:00:00,7.2,1.6,0.363337999962495,T2,2026-02-17
2026-02-19 01:00:00,7.7,1.4,0.44578115368638405,T2,2026-02-17
2026-02-19 02:00:00,8.2,1.9,0.5178311500103452,T2,2026-02-17
2026-02-19 03:00:00,10.8,4.5,0.9178012980293525,T2,2026-02-17
2026-02-19 04:00:00,12.5,7.4,0.9775137265290749,T2,2026-02-17
2026-02-19 05:00:00,13.1,10.5,0.9751865867838537,T2,2026-02-17
2026-02-19 06:00:00,19.0,10.9,0.9785547413197998,T2,2026-02-17
2026-02-19 07:00:00,15.5,12.6,0.9706330557318161,T2,2026-02-17
2026-02-19 08:00:00,15.2,13.3,0.9562523520558577,T2,2026-02-17
2026-02-19 09:00:00,13.8,14.1,0.9635909072546415,T2,2026-02-17
2026-02-19 10:00:00,13.1,13.8,0.9622363382513905,T2,2026-02-17
2026-02-19 11:00:00,10.9,11.9,0.8946219946189368,T2,2026-02-17
2026-02-19 12:00:00,7.3,10.0,0.37990695093417576,T2,2026-02-17
2026-02-19 13:00:00,7.3,8.6,0.38747545844417813,T2,2026-02-17
2026-02-19 14:00:00,3.7,8.9,0.03770963959847751,T2,2026-02-17
2026-02-19 15:00:00,4.2,9.5,0.05623207978478356,T2,2026-02-17
2026-02-19 16:00:00,4.1,8.9,0.052237207600879965,T2,2026-02-17
2026-02-19 17:00:00,7.3,8.6,0.3945985442059393,T2,2026-02-17
2026-02-19 18:00:00,6.2,9.0,0.23076832563930796,T2,2026-02-17
2026-02-19 19:00:00,12.2,8.9,0.9762784463174744,T2,2026-02-17
2026-02-19 20:00:00,11.7,9.0,0.9662299025477328,T2,2026-02-17
2026-02-19 21:00:00,8.1,7.6,0.5185692958372459,T2,2026-02-17
2026-02-19 22:00:00,10.2,7.0,0.8513355846198994,T2,2026-02-17
2026-02-19 23:00:00,11.5,6.4,0.962962940458863,T2,2026-02-17
2026-02-18 00:00:00,13.3,2.1,0.9912926618079696,T1,2026-02-18
2026-02-18 01:00:00,15.0,1.7,0.9994567144575983,T1,2026-02-18
2026-02-18 02:00:00,15.9,1.7,0.9891011786372131,T1,2026-02-18
2026-02-18 03:00:00,18.1,2.9,0.9925921629091207,T1,2026-02-18
2026-02-18 04:00:00,18.4,5.4,0.9924595335374687,T1,2026-02-18
2026-02-18 05:00:00,25.2,8.5,0.9935676178857866,T1,2026-02-18
2026-02-18 06:00:00,29.8,10.9,0.9960430402898688,T1,2026-02-18
2026-02-18 07:00:00,28.7,12.8,1.0050996012426008,T1,2026-02-18
2026-02-18 08:00:00,27.4,13.9,1.0056766988698032,T1,2026-02-18
2026-02-18 09:00:00,26.4,14.0,1.0072026851529454,T1,2026-02-18
2026-02-18 10:00:00,24.4,13.2,1.0027247792748901,T1,2026-02-18
2026-02-18 11:00:00,21.5,11.7,0.9945072769606274,T1,2026-02-18
2026-02-18 12:00:00,16.8,9.5,0.9955623400449076,T1,2026-02-18
2026-02-18 13:00:00,14.5,7.3,1.000247303223757,T1,2026-02-18
2026-02-18 14:00:00,12.6,5.2,0.9801478542340479,T1,2026-02-18
2026-02-18 15:00:00,12.9,4.5,0.9818162206890818,T1,2026-02-18
2026-02-18 16:00:00,10.7,3.6,0.9283374741454481,T1,2026-02-18
2026-02-18 17:00:00,11.6,2.9,0.9832086678248719,T1,2026-02-18
2026-02-18 18:00:00,10.8,2.8,0.9407149667697096,T1,2026-02-18
2026-02-18 19:00:00,9.8,2.2,0.8205304548627106,T1,2026-02-18
2026-02-18 20:00:00,9.7,1.7,0.7992398735089652,T1,2026-02-18
2026-02-18 21:00:00,8.9,1.4,0.6863932959386485,T1,2026-02-18
2026-02-18 22:00:00,9.0,1.8,0.6970269524106933,T1,2026-02-18
2026-02-18 23:00:00,8.6,1.9,0.634650450243989,T1,2026-02-18
2026-02-19 00:00:00,7.2,1.6,0.400548014475644,T1,2026-02-18
2026-02-19 01:00:00,7.7,1.4,0.485215588581925,T1,2026-02-18
2026-02-19 02:00:00,8.2,1.9,0.5633092316500018,T1,2026-02-18
2026-02-19 03:00:00,10.8,4.5,0.9481601334680415,T1,2026-02-18
2026-02-19 04:00:00,12.5,7.4,0.98460276148929,T1,2026-02-18
2026-02-19 05:00:00,13.1,10.5,0.9957739190495237,T1,2026-02-18
2026-02-19 06:00:00,19.0,10.9,1.0007559172014189,T1,2026-02-18
2026-02-19 07:00:00,15.5,12.6,0.9900910939245926,T1,2026-02-18
2026-02-19 08:00:00,15.2,13.3,0.9971367558225747,T1,2026-02-18
2026-02-19 09:00:00,13.8,14.1,1.0063003807969189,T1,2026-02-18
2026-02-19 10:00:00,13.1,13.8,0.9903214147636049,T1,2026-02-18
2026-02-19 11:00:00,10.9,11.9,0.9388818850185304,T1,2026-02-18
2026-02-19 12:00:00,7.3,10.0,0.41959550501471393,T1,2026-02-18
2026-02-19 13:00:00,7.3,8.6,0.4180815195468991,T1,2026-02-18
2026-02-19 14:00:00,3.7,8.9,0.044360192328452064,T1,2026-02-18
2026-02-19 15:00:00,4.2,9.5,0.06818463597299479,T1,2026-02-18
2026-02-19 16:00:00,4.1,8.9,0.06329354713228696,T1,2026-02-18
2026-02-19 17:00:00,7.3,8.6,0.41809935070886467,T1,2026-02-18
2026-02-19 18:00:00,6.2,9.0,0.23987011155255505,T1,2026-02-18
2026-02-19 19:00:00,12.2,8.9,0.9908837456095722,T1,2026-02-18
2026-02-19 20:00:00,11.7,9.0,0.9907869065752067,T1,2026-02-18
2026-02-19 21:00:00,8.1,7.6,0.5433960263505316,T1,2026-02-18
2026-02-19 22:00:00,10.2,7.0,0.8656625633984213,T1,2026-02-18
2026-02-19 23:00:00,11.5,6.4,0.9836575633264377,T1,2026-02-18
2026-02-20 00:00:00,14.2,8.0,0.9758813583063155,T1,2026-02-18
2026-02-20 01:00:00,16.5,7.4,0.9875672936543818,T1,2026-02-18
2026-02-20 02:00:00,15.0,7.5,0.9855248046847558,T1,2026-02-18
2026-02-20 03:00:00,14.8,8.1,0.9845218672325452,T1,2026-02-18
2026-02-20 04:00:00,13.5,9.3,1.0041550096765808,T1,2026-02-18
2026-02-20 05:00:00,13.0,10.1,0.9994301168362136,T1,2026-02-18
2026-02-20 06:00:00,13.6,10.9,1.0020556610903062,T1,2026-02-18
2026-02-20 07:00:00,13.4,11.6,0.9976207380810065,T1,2026-02-18
2026-02-20 08:00:00,14.4,12.7,0.9965682127128641,T1,2026-02-18
2026-02-20 09:00:00,12.1,13.9,0.9811824344019041,T1,2026-02-18
2026-02-20 10:00:00,10.1,14.2,0.8454606822141624,T1,2026-02-18
2026-02-20 11:00:00,7.6,13.3,0.44780113069652083,T1,2026-02-18
2026-02-20 12:00:00,4.6,10.2,0.08172465053434563,T1,2026-02-18
2026-02-20 13:00:00,2.1,7.6,0.010498106391294448,T1,2026-02-18
2026-02-20 14:00:00,1.5,7.0,0.007569638974248338,T1,2026-02-18
2026-02-20 15:00:00,7.8,6.4,0.49591533899066886,T1,2026-02-18
2026-02-20 16:00:00,8.7,6.5,0.6450233195182258,T1,2026-02-18
2026-02-20 17:00:00,9.5,5.8,0.7638108525054811,T1,2026-02-18
2026-02-20 18:00:00,16.5,4.9,0.9768251313346887,T1,2026-02-18
2026-02-20 19:00:00,17.1,4.9,0.9483166572726055,T1,2026-02-18
2026-02-20 20:00:00,15.4,5.0,0.9451360600332266,T1,2026-02-18
2026-02-20 21:00:00,14.3,4.9,0.9223303616886425,T1,2026-02-18
2026-02-20 22:00:00,13.1,4.4,0.9751590138215515,T1,2026-02-18
2026-02-20 23:00:00,11.8,4.1,0.9881472646534534,T1,2026-02-18
2026-02-18 00:00:00,13.3,2.1,0.9821117301231377,T2,2026-02-18
2026-02-18 01:00:00,15.0,1.7,0.9634466755250639,T2,2026-02-18
2026-02-18 02:00:00,15.9,1.7,0.9608233824941002,T2,2026-02-18
2026-02-18 03:00:00,18.1,2.9,0.9786530796319017,T2,2026-02-18
2026-02-18 04:00:00,18.4,5.4,0.9782467478613489,T2,2026-02-18
2026-02-18 05:00:00,25.2,8.5,0.9809211535902836,T2,2026-02-18
2026-02-18 06:00:00,29.8,10.9,0.9776203486583274,T2,2026-02-18
2026-02-18 07:00:00,28.7,12.8,0.9688594764461056,T2,2026-02-18
2026-02-18 08:00:00,27.4,13.9,0.9680389775431019,T2,2026-02-18
2026-02-18 09:00:00,26.4,14.0,0.965881726584301,T2,2026-02-18
2026-02-18 10:00:00,24.4,13.2,0.950836348396301,T2,2026-02-18
2026-02-18 11:00:00,21.5,11.7,0.9579840817314138,T2,2026-02-18
2026-02-18 12:00:00,16.8,9.5,0.9761933279744845,T2,2026-02-18
2026-02-18 13:00:00,14.5,7.3,0.9789176793900181,T2,2026-02-18
2026-02-18 14:00:00,12.6,5.2,0.9707932226996624,T2,2026-02-18
2026-02-18 15:00:00,12.9,4.5,0.9690864014362078,T2,2026-02-18
2026-02-18 16:00:00,10.7,3.6,0.9171863405269773,T2,2026-02-18
2026-02-18 17:00:00,11.6,2.9,0.9692960293469718,T2,2026-02-18
2026-02-18 18:00:00,10.8,2.8,0.9306619276480071,T2,2026-02-18
2026-02-18 19:00:00,9.8,2.2,0.7801487081778641,T2,2026-02-18
2026-02-18 20:00:00,9.7,1.7,0.7802237706297694,T2,2026-02-18
2026-02-18 21:00:00,8.9,1.4,0.6659875130195687,T2,2026-02-18
2026-02-18 22:00:00,9.0,1.8,0.669517351211546,T2,2026-02-18
2026-02-18 23:00:00,8.6,1.9,0.6070891260054992,T2,2026-02-18
2026-02-19 00:00:00,7.2,1.6,0.363337999962495,T2,2026-02-18
2026-02-19 01:00:00,7.7,1.4,0.44578115368638405,T2,2026-02-18
2026-02-19 02:00:00,8.2,1.9,0.5178311500103452,T2,2026-02-18
2026-02-19 03:00:00,10.8,4.5,0.9178012980293525,T2,2026-02-18
2026-02-19 04:00:00,12.5,7.4,0.9775137265290749,T2,2026-02-18
2026-02-19 05:00:00,13.1,10.5,0.9751865867838537,T2,2026-02-18
2026-02-19 06:00:00,19.0,10.9,0.9785547413197998,T2,2026-02-18
2026-02-19 07:00:00,15.5,12.6,0.9706330557318161,T2,2026-02-18
2026-02-19 08:00:00,15.2,13.3,0.9562523520558577,T2,2026-02-18
2026-02-19 09:00:00,13.8,14.1,0.9635909072546415,T2,2026-02-18
2026-02-19 10:00:00,13.1,13.8,0.9622363382513905,T2,2026-02-18
2026-02-19 11:00:00,10.9,11.9,0.8946219946189368,T2,2026-02-18
2026-02-19 12:00:00,7.3,10.0,0.37990695093417576,T2,2026-02-18
2026-02-19 13:00:00,7.3,8.6,0.38747545844417813,T2,2026-02-18
2026-02-19 14:00:00,3.7,8.9,0.03770963959847751,T2,2026-02-18
2026-02-19 15:00:00,4.2,9.5,0.05623207978478356,T2,2026-02-18
2026-02-19 16:00:00,4.1,8.9,0.052237207600879965,T2,2026-02-18
2026-02-19 17:00:00,7.3,8.6,0.3945985442059393,T2,2026-02-18
2026-02-19 18:00:00,6.2,9.0,0.23076832563930796,T2,2026-02-18
2026-02-19 19:00:00,12.2,8.9,0.9762784463174744,T2,2026-02-18
2026-02-19 20:00:00,11.7,9.0,0.9662299025477328,T2,2026-02-18
2026-02-19 21:00:00,8.1,7.6,0.5185692958372459,T2,2026-02-18
2026-02-19 22:00:00,10.2,7.0,0.8513355846198994,T2,2026-02-18
2026-02-19 23:00:00,11.5,6.4,0.962962940458863,T2,2026-02-18
2026-02-20 00:00:00,14.2,8.0,0.9864501648569376,T2,2026-02-18
2026-02-20 01:00:00,16.5,7.4,0.9898265943409669,T2,2026-02-18
2026-02-20 02:00:00,15.0,7.5,0.9876862459272289,T2,2026-02-18
2026-02-20 03:00:00,14.8,8.1,0.984622538815121,T2,2026-02-18
2026-02-20 04:00:00,13.5,9.3,0.9783872718001928,T2,2026-02-18
2026-02-20 05:00:00,13.0,10.1,0.9782971631141425,T2,2026-02-18
2026-02-20 06:00:00,13.6,10.9,0.9744655651218553,T2,2026-02-18
2026-02-20 07:00:00,13.4,11.6,0.9693098056427965,T2,2026-02-18
2026-02-20 08:00:00,14.4,12.7,0.967991543322843,T2,2026-02-18
2026-02-20 09:00:00,12.1,13.9,0.9509298568771525,T2,2026-02-18
2026-02-20 10:00:00,10.1,14.2,0.7619050492647376,T2,2026-02-18
2026-02-20 11:00:00,7.6,13.3,0.41074160966194534,T2,2026-02-18
2026-02-20 12:00:00,4.6,10.2,0.07942752682403997,T2,2026-02-18
2026-02-20 13:00:00,2.1,7.6,0.008306649069656225,T2,2026-02-18
2026-02-20 14:00:00,1.5,7.0,0.0063603033236759865,T2,2026-02-18
2026-02-20 15:00:00,7.8,6.4,0.45146120312288945,T2,2026-02-18
2026-02-20 16:00:00,8.7,6.5,0.6189513485893062,T2,2026-02-18
2026-02-20 17:00:00,9.5,5.8,0.7295581823183959,T2,2026-02-18
2026-02-20 18:00:00,16.5,4.9,0.9286921990972433,T2,2026-02-18
2026-02-20 19:00:00,17.1,4.9,0.921575206947833,T2,2026-02-18
2026-02-20 20:00:00,15.4,5.0,0.8966193842316444,T2,2026-02-18
2026-02-20 21:00:00,14.3,4.9,0.8718026105033346,T2,2026-02-18
2026-02-20 22:00:00,13.1,4.4,0.9765024975877614,T2,2026-02-18
2026-02-20 23:00:00,11.8,4.1,0.9806680408423263,T2,2026-02-18
2026-02-19 00:00:00,7.2,1.6,0.400548014475644,T1,2026-02-19
2026-02-19 01:00:00,7.7,1.4,0.485215588581925,T1,2026-02-19
2026-02-19 02:00:00,8.2,1.9,0.5633092316500018,T1,2026-02-19
2026-02-19 03:00:00,10.8,4.5,0.9481601334680415,T1,2026-02-19
2026-02-19 04:00:00,12.5,7.4,0.98460276148929,T1,2026-02-19
2026-02-19 05:00:00,13.1,10.5,0.9957739190495237,T1,2026-02-19
2026-02-19 06:00:00,19.0,10.9,1.0007559172014189,T1,2026-02-19
2026-02-19 07:00:00,15.5,12.6,0.9900910939245926,T1,2026-02-19
2026-02-19 08:00:00,15.2,13.3,0.9971367558225747,T1,2026-02-19
2026-02-19 09:00:00,13.8,14.1,1.0063003807969189,T1,2026-02-19
2026-02-19 10:00:00,13.1,13.8,0.9903214147636049,T1,2026-02-19
2026-02-19 11:00:00,10.9,11.9,0.9388818850185304,T1,2026-02-19
2026-02-19 12:00:00,7.3,10.0,0.41959550501471393,T1,2026-02-19
2026-02-19 13:00:00,7.3,8.6,0.4180815195468991,T1,2026-02-19
2026-02-19 14:00:00,3.7,8.9,0.044360192328452064,T1,2026-02-19
2026-02-19 15:00:00,4.2,9.5,0.06818463597299479,T1,2026-02-19
2026-02-19 16:00:00,4.1,8.9,0.06329354713228696,T1,2026-02-19
2026-02-19 17:00:00,7.3,8.6,0.41809935070886467,T1,2026-02-19
2026-02-19 18:00:00,6.2,9.0,0.23987011155255505,T1,2026-02-19
2026-02-19 19:00:00,12.2,8.9,0.9908837456095722,T1,2026-02-19
2026-02-19 20:00:00,11.7,9.0,0.9907869065752067,T1,2026-02-19
2026-02-19 21:00:00,8.1,7.6,0.5433960263505316,T1,2026-02-19
2026-02-19 22:00:00,10.2,7.0,0.8656625633984213,T1,2026-02-19
2026-02-19 23:00:00,11.5,6.4,0.9836575633264377,T1,2026-02-19
2026-02-20 00:00:00,14.2,8.0,0.9758813583063155,T1,2026-02-19
2026-02-20 01:00:00,16.5,7.4,0.9875672936543818,T1,2026-02-19
2026-02-20 02:00:00,15.0,7.5,0.9855248046847558,T1,2026-02-19
2026-02-20 03:00:00,14.8,8.1,0.9845218672325452,T1,2026-02-19
2026-02-20 04:00:00,13.5,9.3,1.0041550096765808,T1,2026-02-19
2026-02-20 05:00:00,13.0,10.1,0.9994301168362136,T1,2026-02-19
2026-02-20 06:00:00,13.6,10.9,1.0020556610903062,T1,2026-02-19
2026-02-20 07:00:00,13.4,11.6,0.9976207380810065,T1,2026-02-19
2026-02-20 08:00:00,14.4,12.7,0.9965682127128641,T1,2026-02-19
2026-02-20 09:00:00,12.1,13.9,0.9811824344019041,T1,2026-02-19
2026-02-20 10:00:00,10.1,14.2,0.8454606822141624,T1,2026-02-19
2026-02-20 11:00:00,7.6,13.3,0.44780113069652083,T1,2026-02-19
2026-02-20 12:00:00,4.6,10.2,0.08172465053434563,T1,2026-02-19
2026-02-20 13:00:00,2.1,7.6,0.010498106391294448,T1,2026-02-19
2026-02-20 14:00:00,1.5,7.0,0.007569638974248338,T1,2026-02-19
2026-02-20 15:00:00,7.8,6.4,0.49591533899066886,T1,2026-02-19
2026-02-20 16:00:00,8.7,6.5,0.6450233195182258,T1,2026-02-19
2026-02-20 17:00:00,9.5,5.8,0.7638108525054811,T1,2026-02-19
2026-02-20 18:00:00,16.5,4.9,0.9768251313346887,T1,2026-02-19
2026-02-20 19:00:00,17.1,4.9,0.9483166572726055,T1,2026-02-19
2026-02-20 20:00:00,15.4,5.0,0.9451360600332266,T1,2026-02-19
2026-02-20 21:00:00,14.3,4.9,0.9223303616886425,T1,2026-02-19
2026-02-20 22:00:00,13.1,4.4,0.9751590138215515,T1,2026-02-19
2026-02-20 23:00:00,11.8,4.1,0.9881472646534534,T1,2026-02-19
2026-02-21 00:00:00,10.2,4.0,0.8777004849575815,T1,2026-02-19
2026-02-21 01:00:00,10.3,3.5,0.8879592773316113,T1,2026-02-19
2026-02-21 02:00:00,9.2,3.0,0.731477259840137,T1,2026-02-19
2026-02-21 03:00:00,10.2,4.1,0.8763497521454806,T1,2026-02-19
2026-02-21 04:00:00,6.5,6.3,0.2849536763761999,T1,2026-02-19
2026-02-21 05:00:00,13.7,7.4,0.9951166153115276,T1,2026-02-19
2026-02-21 06:00:00,34.9,8.2,0.9793524027547225,T1,2026-02-19
2026-02-21 07:00:00,27.6,8.0,0.9762482255679052,T1,2026-02-19
2026-02-21 08:00:00,26.9,8.2,0.9761729370427547,T1,2026-02-19
2026-02-21 09:00:00,29.5,7.5,0.9815621298822927,T1,2026-02-19
2026-02-21 10:00:00,26.7,7.4,0.9756332514140276,T1,2026-02-19
2026-02-21 11:00:00,21.5,6.1,0.9733262731009222,T1,2026-02-19
2026-02-21 12:00:00,14.5,6.0,0.9807151426020964,T1,2026-02-19
2026-02-21 13:00:00,14.9,5.9,0.9835366323847532,T1,2026-02-19
2026-02-21 14:00:00,10.5,6.0,0.8979822475351954,T1,2026-02-19
2026-02-21 15:00:00,4.4,5.4,0.06940724868113535,T1,2026-02-19
2026-02-21 16:00:00,5.8,5.0,0.16452850517163586,T1,2026-02-19
2026-02-21 17:00:00,9.1,5.5,0.7060600119110989,T1,2026-02-19
2026-02-21 18:00:00,9.7,5.6,0.7908858158028054,T1,2026-02-19
2026-02-21 19:00:00,7.3,5.5,0.4251841599294434,T1,2026-02-19
2026-02-21 20:00:00,7.0,3.4,0.3695480620275084,T1,2026-02-19
2026-02-21 21:00:00,6.9,1.2,0.34311176882580613,T1,2026-02-19
2026-02-21 22:00:00,4.8,-0.3,0.0752247487597204,T1,2026-02-19
2026-02-21 23:00:00,4.3,-1.0,0.05356919179110048,T1,2026-02-19
2026-02-19 00:00:00,7.2,1.6,0.363337999962495,T2,2026-02-19
2026-02-19 01:00:00,7.7,1.4,0.44578115368638405,T2,2026-02-19
2026-02-19 02:00:00,8.2,1.9,0.5178311500103452,T2,2026-02-19
2026-02-19 03:00:00,10.8,4.5,0.9178012980293525,T2,2026-02-19
2026-02-19 04:00:00,12.5,7.4,0.9775137265290749,T2,2026-02-19
2026-02-19 05:00:00,13.1,10.5,0.9751865867838537,T2,2026-02-19
2026-02-19 06:00:00,19.0,10.9,0.9785547413197998,T2,2026-02-19
2026-02-19 07:00:00,15.5,12.6,0.9706330557318161,T2,2026-02-19
2026-02-19 08:00:00,15.2,13.3,0.9562523520558577,T2,2026-02-19
2026-02-19 09:00:00,13.8,14.1,0.9635909072546415,T2,2026-02-19
2026-02-19 10:00:00,13.1,13.8,0.9622363382513905,T2,2026-02-19
2026-02-19 11:00:00,10.9,11.9,0.8946219946189368,T2,2026-02-19
2026-02-19 12:00:00,7.3,10.0,0.37990695093417576,T2,2026-02-19
2026-02-19 13:00:00,7.3,8.6,0.38747545844417813,T2,2026-02-19
2026-02-19 14:00:00,3.7,8.9,0.03770963959847751,T2,2026-02-19
2026-02-19 15:00:00,4.2,9.5,0.05623207978478356,T2,2026-02-19
2026-02-19 16:00:00,4.1,8.9,0.052237207600879965,T2,2026-02-19
2026-02-19 17:00:00,7.3,8.6,0.3945985442059393,T2,2026-02-19
2026-02-19 18:00:00,6.2,9.0,0.23076832563930796,T2,2026-02-19
2026-02-19 19:00:00,12.2,8.9,0.9762784463174744,T2,2026-02-19
2026-02-19 20:00:00,11.7,9.0,0.9662299025477328,T2,2026-02-19
2026-02-19 21:00:00,8.1,7.6,0.5185692958372459,T2,2026-02-19
2026-02-19 22:00:00,10.2,7.0,0.8513355846198994,T2,2026-02-19
2026-02-19 23:00:00,11.5,6.4,0.962962940458863,T2,2026-02-19
2026-02-20 00:00:00,14.2,8.0,0.9864501648569376,T2,2026-02-19
2026-02-20 01:00:00,16.5,7.4,0.9898265943409669,T2,2026-02-19
2026-02-20 02:00:00,15.0,7.5,0.9876862459272289,T2,2026-02-19
2026-02-20 03:00:00,14.8,8.1,0.984622538815121,T2,2026-02-19
2026-02-20 04:00:00,13.5,9.3,0.9783872718001928,T2,2026-02-19
2026-02-20 05:00:00,13.0,10.1,0.9782971631141425,T2,2026-02-19
2026-02-20 06:00:00,13.6,10.9,0.9744655651218553,T2,2026-02-19
2026-02-20 07:00:00,13.4,11.6,0.9693098056427965,T2,2026-02-19
2026-02-20 08:00:00,14.4,12.7,0.967991543322843,T2,2026-02-19
2026-02-20 09:00:00,12.1,13.9,0.9509298568771525,T2,2026-02-19
2026-02-20 10:00:00,10.1,14.2,0.7619050492647376,T2,2026-02-19
2026-02-20 11:00:00,7.6,13.3,0.41074160966194534,T2,2026-02-19
2026-02-20 12:00:00,4.6,10.2,0.07942752682403997,T2,2026-02-19
2026-02-20 13:00:00,2.1,7.6,0.008306649069656225,T2,2026-02-19
2026-02-20 14:00:00,1.5,7.0,0.0063603033236759865,T2,2026-02-19
2026-02-20 15:00:00,7.8,6.4,0.45146120312288945,T2,2026-02-19
2026-02-20 16:00:00,8.7,6.5,0.6189513485893062,T2,2026-02-19
2026-02-20 17:00:00,9.5,5.8,0.7295581823183959,T2,2026-02-19
2026-02-20 18:00:00,16.5,4.9,0.9286921990972433,T2,2026-02-19
2026-02-20 19:00:00,17.1,4.9,0.921575206947833,T2,2026-02-19
2026-02-20 20:00:00,15.4,5.0,0.8966193842316444,T2,2026-02-19
2026-02-20 21:00:00,14.3,4.9,0.8718026105033346,T2,2026-02-19
2026-02-20 22:00:00,13.1,4.4,0.9765024975877614,T2,2026-02-19
2026-02-20 23:00:00,11.8,4.1,0.9806680408423263,T2,2026-02-19
2026-02-21 00:00:00,10.2,4.0,0.8535251800646463,T2,2026-02-19
2026-02-21 01:00:00,10.3,3.5,0.8615970080132512,T2,2026-02-19
2026-02-21 02:00:00,9.2,3.0,0.6795843226482778,T2,2026-02-19
2026-02-21 03:00:00,10.2,4.1,0.8522302235709115,T2,2026-02-19
2026-02-21 04:00:00,6.5,6.3,0.26551775373298,T2,2026-02-19
2026-02-21 05:00:00,13.7,7.4,0.9808858466225784,T2,2026-02-19
2026-02-21 06:00:00,34.9,8.2,0.9876302407823893,T2,2026-02-19
2026-02-21 07:00:00,27.6,8.0,0.985170400802891,T2,2026-02-19
2026-02-21 08:00:00,26.9,8.2,0.9832815647862747,T2,2026-02-19
2026-02-21 09:00:00,29.5,7.5,0.9838286315765703,T2,2026-02-19
2026-02-21 10:00:00,26.7,7.4,0.9863552261799698,T2,2026-02-19
2026-02-21 11:00:00,21.5,6.1,0.9819679652296167,T2,2026-02-19
2026-02-21 12:00:00,14.5,6.0,0.9805894084772375,T2,2026-02-19
2026-02-21 13:00:00,14.9,5.9,0.9832916314299841,T2,2026-02-19
2026-02-21 14:00:00,10.5,6.0,0.8505870549820813,T2,2026-02-19
2026-02-21 15:00:00,4.4,5.4,0.054867427769424215,T2,2026-02-19
2026-02-21 16:00:00,5.8,5.0,0.16271100617734696,T2,2026-02-19
2026-02-21 17:00:00,9.1,5.5,0.6452474071927841,T2,2026-02-19
2026-02-21 18:00:00,9.7,5.6,0.7520822308297941,T2,2026-02-19
2026-02-21 19:00:00,7.3,5.5,0.3880620700694495,T2,2026-02-19
2026-02-21 20:00:00,7.0,3.4,0.3421615514873374,T2,2026-02-19
2026-02-21 21:00:00,6.9,1.2,0.32632730251121794,T2,2026-02-19
2026-02-21 22:00:00,4.8,-0.3,0.07514027527689343,T2,2026-02-19
2026-02-21 23:00:00,4.3,-1.0,0.04789905556533802,T2,2026-02-19
2026-02-20 00:00:00,14.2,8.0,0.9758813583063155,T1,2026-02-20
2026-02-20 01:00:00,16.5,7.4,0.9875672936543818,T1,2026-02-20
2026-02-20 02:00:00,15.0,7.5,0.9855248046847558,T1,2026-02-20
2026-02-20 03:00:00,14.8,8.1,0.9845218672325452,T1,2026-02-20
2026-02-20 04:00:00,13.5,9.3,1.0041550096765808,T1,2026-02-20
2026-02-20 05:00:00,13.0,10.1,0.9994301168362136,T1,2026-02-20
2026-02-20 06:00:00,13.6,10.9,1.0020556610903062,T1,2026-02-20
2026-02-20 07:00:00,13.4,11.6,0.9976207380810065,T1,2026-02-20
2026-02-20 08:00:00,14.4,12.7,0.9965682127128641,T1,2026-02-20
2026-02-20 09:00:00,12.1,13.9,0.9811824344019041,T1,2026-02-20
2026-02-20 10:00:00,10.1,14.2,0.8454606822141624,T1,2026-02-20
2026-02-20 11:00:00,7.6,13.3,0.44780113069652083,T1,2026-02-20
2026-02-20 12:00:00,4.6,10.2,0.08172465053434563,T1,2026-02-20
2026-02-20 13:00:00,2.1,7.6,0.010498106391294448,T1,2026-02-20
2026-02-20 14:00:00,1.5,7.0,0.007569638974248338,T1,2026-02-20
2026-02-20 15:00:00,7.8,6.4,0.49591533899066886,T1,2026-02-20
2026-02-20 16:00:00,8.7,6.5,0.6450233195182258,T1,2026-02-20
2026-02-20 17:00:00,9.5,5.8,0.7638108525054811,T1,2026-02-20
2026-02-20 18:00:00,16.5,4.9,0.9768251313346887,T1,2026-02-20
2026-02-20 19:00:00,17.1,4.9,0.9483166572726055,T1,2026-02-20
2026-02-20 20:00:00,15.4,5.0,0.9451360600332266,T1,2026-02-20
2026-02-20 21:00:00,14.3,4.9,0.9223303616886425,T1,2026-02-20
2026-02-20 22:00:00,13.1,4.4,0.9751590138215515,T1,2026-02-20
2026-02-20 23:00:00,11.8,4.1,0.9881472646534534,T1,2026-02-20
2026-02-21 00:00:00,10.2,4.0,0.8777004849575815,T1,2026-02-20
2026-02-21 01:00:00,10.3,3.5,0.8879592773316113,T1,2026-02-20
2026-02-21 02:00:00,9.2,3.0,0.731477259840137,T1,2026-02-20
2026-02-21 03:00:00,10.2,4.1,0.8763497521454806,T1,2026-02-20
2026-02-21 04:00:00,6.5,6.3,0.2849536763761999,T1,2026-02-20
2026-02-21 05:00:00,13.7,7.4,0.9951166153115276,T1,2026-02-20
2026-02-21 06:00:00,34.9,8.2,0.9793524027547225,T1,2026-02-20
2026-02-21 07:00:00,27.6,8.0,0.9762482255679052,T1,2026-02-20
2026-02-21 08:00:00,26.9,8.2,0.9761729370427547,T1,2026-02-20
2026-02-21 09:00:00,29.5,7.5,0.9815621298822927,T1,2026-02-20
2026-02-21 10:00:00,26.7,7.4,0.9756332514140276,T1,2026-02-20
2026-02-21 11:00:00,21.5,6.1,0.9733262731009222,T1,2026-02-20
2026-02-21 12:00:00,14.5,6.0,0.9807151426020964,T1,2026-02-20
2026-02-21 13:00:00,14.9,5.9,0.9835366323847532,T1,2026-02-20
2026-02-21 14:00:00,10.5,6.0,0.8979822475351954,T1,2026-02-20
2026-02-21 15:00:00,4.4,5.4,0.06940724868113535,T1,2026-02-20
2026-02-21 16:00:00,5.8,5.0,0.16452850517163586,T1,2026-02-20
2026-02-21 17:00:00,9.1,5.5,0.7060600119110989,T1,2026-02-20
2026-02-21 18:00:00,9.7,5.6,0.7908858158028054,T1,2026-02-20
2026-02-21 19:00:00,7.3,5.5,0.4251841599294434,T1,2026-02-20
2026-02-21 20:00:00,7.0,3.4,0.3695480620275084,T1,2026-02-20
2026-02-21 21:00:00,6.9,1.2,0.34311176882580613,T1,2026-02-20
2026-02-21 22:00:00,4.8,-0.3,0.0752247487597204,T1,2026-02-20
2026-02-21 23:00:00,4.3,-1.0,0.05356919179110048,T1,2026-02-20
2026-02-22 00:00:00,1.9,-1.1,0.014149174444424983,T1,2026-02-20
2026-02-22 01:00:00,3.5,-0.9,0.020966770726823847,T1,2026-02-20
2026-02-22 02:00:00,6.1,-0.2,0.20978659481806272,T1,2026-02-20
2026-02-22 03:00:00,6.3,1.2,0.24702555344952726,T1,2026-02-20
2026-02-22 04:00:00,10.9,3.2,0.9480018997179697,T1,2026-02-20
2026-02-22 05:00:00,17.2,5.7,0.9613525491778191,T1,2026-02-20
2026-02-22 06:00:00,23.7,8.0,0.9663416077757406,T1,2026-02-20
2026-02-22 07:00:00,25.5,9.0,0.9643952136227137,T1,2026-02-20
2026-02-22 08:00:00,24.9,9.9,0.9830662874627978,T1,2026-02-20
2026-02-22 09:00:00,23.2,10.2,0.989348470721716,T1,2026-02-20
2026-02-22 10:00:00,21.3,10.4,0.9854290056739532,T1,2026-02-20
2026-02-22 11:00:00,18.6,9.8,0.9912015617306726,T1,2026-02-20
2026-02-22 12:00:00,13.3,7.5,0.9917321066562148,T1,2026-02-20
2026-02-22 13:00:00,7.9,5.1,0.5050825131102676,T1,2026-02-20
2026-02-22 14:00:00,5.7,3.2,0.16573481911082985,T1,2026-02-20
2026-02-22 15:00:00,5.4,1.6,0.13469830222920554,T1,2026-02-20
2026-02-22 16:00:00,4.1,0.7,0.048399247615732555,T1,2026-02-20
2026-02-22 17:00:00,4.6,0.5,0.06710371865535514,T1,2026-02-20
2026-02-22 18:00:00,7.2,0.7,0.3873613627680065,T1,2026-02-20
2026-02-22 19:00:00,8.6,1.5,0.6420035658774372,T1,2026-02-20
2026-02-22 20:00:00,5.5,2.1,0.15153527102529643,T1,2026-02-20
2026-02-22 21:00:00,3.3,2.7,0.03026807338361759,T1,2026-02-20
2026-02-22 22:00:00,2.5,3.3,0.01759691194352292,T1,2026-02-20
2026-02-22 23:00:00,2.3,3.2,0.016874933696537642,T1,2026-02-20
2026-02-20 00:00:00,14.2,8.0,0.9864501648569376,T2,2026-02-20
2026-02-20 01:00:00,16.5,7.4,0.9898265943409669,T2,2026-02-20
2026-02-20 02:00:00,15.0,7.5,0.9876862459272289,T2,2026-02-20
2026-02-20 03:00:00,14.8,8.1,0.984622538815121,T2,2026-02-20
2026-02-20 04:00:00,13.5,9.3,0.9783872718001928,T2,2026-02-20
2026-02-20 05:00:00,13.0,10.1,0.9782971631141425,T2,2026-02-20
2026-02-20 06:00:00,13.6,10.9,0.9744655651218553,T2,2026-02-20
2026-02-20 07:00:00,13.4,11.6,0.9693098056427965,T2,2026-02-20
2026-02-20 08:00:00,14.4,12.7,0.967991543322843,T2,2026-02-20
2026-02-20 09:00:00,12.1,13.9,0.9509298568771525,T2,2026-02-20
2026-02-20 10:00:00,10.1,14.2,0.7619050492647376,T2,2026-02-20
2026-02-20 11:00:00,7.6,13.3,0.41074160966194534,T2,2026-02-20
2026-02-20 12:00:00,4.6,10.2,0.07942752682403997,T2,2026-02-20
2026-02-20 13:00:00,2.1,7.6,0.008306649069656225,T2,2026-02-20
2026-02-20 14:00:00,1.5,7.0,0.0063603033236759865,T2,2026-02-20
2026-02-20 15:00:00,7.8,6.4,0.45146120312288945,T2,2026-02-20
2026-02-20 16:00:00,8.7,6.5,0.6189513485893062,T2,2026-02-20
2026-02-20 17:00:00,9.5,5.8,0.7295581823183959,T2,2026-02-20
2026-02-20 18:00:00,16.5,4.9,0.9286921990972433,T2,2026-02-20
2026-02-20 19:00:00,17.1,4.9,0.921575206947833,T2,2026-02-20
2026-02-20 20:00:00,15.4,5.0,0.8966193842316444,T2,2026-02-20
2026-02-20 21:00:00,14.3,4.9,0.8718026105033346,T2,2026-02-20
2026-02-20 22:00:00,13.1,4.4,0.9765024975877614,T2,2026-02-20
2026-02-20 23:00:00,11.8,4.1,0.9806680408423263,T2,2026-02-20
2026-02-21 00:00:00,10.2,4.0,0.8535251800646463,T2,2026-02-20
2026-02-21 01:00:00,10.3,3.5,0.8615970080132512,T2,2026-02-20
2026-02-21 02:00:00,9.2,3.0,0.6795843226482778,T2,2026-02-20
2026-02-21 03:00:00,10.2,4.1,0.8522302235709115,T2,2026-02-20
2026-02-21 04:00:00,6.5,6.3,0.26551775373298,T2,2026-02-20
2026-02-21 05:00:00,13.7,7.4,0.9808858466225784,T2,2026-02-20
2026-02-21 06:00:00,34.9,8.2,0.9876302407823893,T2,2026-02-20
2026-02-21 07:00:00,27.6,8.0,0.985170400802891,T2,2026-02-20
2026-02-21 08:00:00,26.9,8.2,0.9832815647862747,T2,2026-02-20
2026-02-21 09:00:00,29.5,7.5,0.9838286315765703,T2,2026-02-20
2026-02-21 10:00:00,26.7,7.4,0.9863552261799698,T2,2026-02-20
2026-02-21 11:00:00,21.5,6.1,0.9819679652296167,T2,2026-02-20
2026-02-21 12:00:00,14.5,6.0,0.9805894084772375,T2,2026-02-20
2026-02-21 13:00:00,14.9,5.9,0.9832916314299841,T2,2026-02-20
2026-02-21 14:00:00,10.5,6.0,0.8505870549820813,T2,2026-02-20
2026-02-21 15:00:00,4.4,5.4,0.054867427769424215,T2,2026-02-20
2026-02-21 16:00:00,5.8,5.0,0.16271100617734696,T2,2026-02-20
2026-02-21 17:00:00,9.1,5.5,0.6452474071927841,T2,2026-02-20
2026-02-21 18:00:00,9.7,5.6,0.7520822308297941,T2,2026-02-20
2026-02-21 19:00:00,7.3,5.5,0.3880620700694495,T2,2026-02-20
2026-02-21 20:00:00,7.0,3.4,0.3421615514873374,T2,2026-02-20
2026-02-21 21:00:00,6.9,1.2,0.32632730251121794,T2,2026-02-20
2026-02-21 22:00:00,4.8,-0.3,0.07514027527689343,T2,2026-02-20
2026-02-21 23:00:00,4.3,-1.0,0.04789905556533802,T2,2026-02-20
2026-02-22 00:00:00,1.9,-1.1,0.01460690886997762,T2,2026-02-20
2026-02-22 01:00:00,3.5,-0.9,0.028863806657053126,T2,2026-02-20
2026-02-22 02:00:00,6.1,-0.2,0.1989343013739266,T2,2026-02-20
2026-02-22 03:00:00,6.3,1.2,0.228029035153284,T2,2026-02-20
2026-02-22 04:00:00,10.9,3.2,0.9376588366304092,T2,2026-02-20
2026-02-22 05:00:00,17.2,5.7,0.9942173512817735,T2,2026-02-20
2026-02-22 06:00:00,23.7,8.0,0.9931725561474779,T2,2026-02-20
2026-02-22 07:00:00,25.5,9.0,0.9898048644111435,T2,2026-02-20
2026-02-22 08:00:00,24.9,9.9,0.9660402778498723,T2,2026-02-20
2026-02-22 09:00:00,23.2,10.2,0.9537360423906315,T2,2026-02-20
2026-02-22 10:00:00,21.3,10.4,0.9508248280855559,T2,2026-02-20
2026-02-22 11:00:00,18.6,9.8,0.9589450325574332,T2,2026-02-20
2026-02-22 12:00:00,13.3,7.5,0.9775771486413285,T2,2026-02-20
2026-02-22 13:00:00,7.9,5.1,0.4591452743998079,T2,2026-02-20
2026-02-22 14:00:00,5.7,3.2,0.1407908781145312,T2,2026-02-20
2026-02-22 15:00:00,5.4,1.6,0.10165965351267309,T2,2026-02-20
2026-02-22 16:00:00,4.1,0.7,0.034996460764947224,T2,2026-02-20
2026-02-22 17:00:00,4.6,0.5,0.05808934699285673,T2,2026-02-20
2026-02-22 18:00:00,7.2,0.7,0.3528112907428829,T2,2026-02-20
2026-02-22 19:00:00,8.6,1.5,0.5742617550790474,T2,2026-02-20
2026-02-22 20:00:00,5.5,2.1,0.1318763190222824,T2,2026-02-20
2026-02-22 21:00:00,3.3,2.7,0.016501346211854007,T2,2026-02-20
2026-02-22 22:00:00,2.5,3.3,0.004645744309394517,T2,2026-02-20
2026-02-22 23:00:00,2.3,3.2,0.004967467574338635,T2,2026-02-20
2026-02-21 00:00:00,10.2,4.0,0.8777004849575815,T1,2026-02-21
2026-02-21 01:00:00,10.3,3.5,0.8879592773316113,T1,2026-02-21
2026-02-21 02:00:00,9.2,3.0,0.731477259840137,T1,2026-02-21
2026-02-21 03:00:00,10.2,4.1,0.8763497521454806,T1,2026-02-21
2026-02-21 04:00:00,6.5,6.3,0.2849536763761999,T1,2026-02-21
2026-02-21 05:00:00,13.7,7.4,0.9951166153115276,T1,2026-02-21
2026-02-21 06:00:00,34.9,8.2,0.9793524027547225,T1,2026-02-21
2026-02-21 07:00:00,27.6,8.0,0.9762482255679052,T1,2026-02-21
2026-02-21 08:00:00,26.9,8.2,0.9761729370427547,T1,2026-02-21
2026-02-21 09:00:00,29.5,7.5,0.9815621298822927,T1,2026-02-21
2026-02-21 10:00:00,26.7,7.4,0.9756332514140276,T1,2026-02-21
2026-02-21 11:00:00,21.5,6.1,0.9733262731009222,T1,2026-02-21
2026-02-21 12:00:00,14.5,6.0,0.9807151426020964,T1,2026-02-21
2026-02-21 13:00:00,14.9,5.9,0.9835366323847532,T1,2026-02-21
2026-02-21 14:00:00,10.5,6.0,0.8979822475351954,T1,2026-02-21
2026-02-21 15:00:00,4.4,5.4,0.06940724868113535,T1,2026-02-21
2026-02-21 16:00:00,5.8,5.0,0.16452850517163586,T1,2026-02-21
2026-02-21 17:00:00,9.1,5.5,0.7060600119110989,T1,2026-02-21
2026-02-21 18:00:00,9.7,5.6,0.7908858158028054,T1,2026-02-21
2026-02-21 19:00:00,7.3,5.5,0.4251841599294434,T1,2026-02-21
2026-02-21 20:00:00,7.0,3.4,0.3695480620275084,T1,2026-02-21
2026-02-21 21:00:00,6.9,1.2,0.34311176882580613,T1,2026-02-21
2026-02-21 22:00:00,4.8,-0.3,0.0752247487597204,T1,2026-02-21
2026-02-21 23:00:00,4.3,-1.0,0.05356919179110048,T1,2026-02-21
2026-02-22 00:00:00,1.9,-1.1,0.014149174444424983,T1,2026-02-21
2026-02-22 01:00:00,3.5,-0.9,0.020966770726823847,T1,2026-02-21
2026-02-22 02:00:00,6.1,-0.2,0.20978659481806272,T1,2026-02-21
2026-02-22 03:00:00,6.3,1.2,0.24702555344952726,T1,2026-02-21
2026-02-22 04:00:00,10.9,3.2,0.9480018997179697,T1,2026-02-21
2026-02-22 05:00:00,17.2,5.7,0.9613525491778191,T1,2026-02-21
2026-02-22 06:00:00,23.7,8.0,0.9663416077757406,T1,2026-02-21
2026-02-22 07:00:00,25.5,9.0,0.9643952136227137,T1,2026-02-21
2026-02-22 08:00:00,24.9,9.9,0.9830662874627978,T1,2026-02-21
2026-02-22 09:00:00,23.2,10.2,0.989348470721716,T1,2026-02-21
2026-02-22 10:00:00,21.3,10.4,0.9854290056739532,T1,2026-02-21
2026-02-22 11:00:00,18.6,9.8,0.9912015617306726,T1,2026-02-21
2026-02-22 12:00:00,13.3,7.5,0.9917321066562148,T1,2026-02-21
2026-02-22 13:00:00,7.9,5.1,0.5050825131102676,T1,2026-02-21
2026-02-22 14:00:00,5.7,3.2,0.16573481911082985,T1,2026-02-21
2026-02-22 15:00:00,5.4,1.6,0.13469830222920554,T1,2026-02-21
2026-02-22 16:00:00,4.1,0.7,0.048399247615732555,T1,2026-02-21
2026-02-22 17:00:00,4.6,0.5,0.06710371865535514,T1,2026-02-21
2026-02-22 18:00:00,7.2,0.7,0.3873613627680065,T1,2026-02-21
2026-02-22 19:00:00,8.6,1.5,0.6420035658774372,T1,2026-02-21
2026-02-22 20:00:00,5.5,2.1,0.15153527102529643,T1,2026-02-21
2026-02-22 21:00:00,3.3,2.7,0.03026807338361759,T1,2026-02-21
2026-02-22 22:00:00,2.5,3.3,0.01759691194352292,T1,2026-02-21
2026-02-22 23:00:00,2.3,3.2,0.016874933696537642,T1,2026-02-21
2026-02-23 00:00:00,6.4,3.0,0.27600973380494187,T1,2026-02-21
2026-02-23 01:00:00,10.0,1.5,0.8597851450146877,T1,2026-02-21
2026-02-23 02:00:00,9.5,1.9,0.7748044181318913,T1,2026-02-21
2026-02-23 03:00:00,11.1,4.4,0.9641546737434157,T1,2026-02-21
2026-02-23 04:00:00,10.7,7.1,0.9145944065723647,T1,2026-02-21
2026-02-23 05:00:00,8.7,8.8,0.6490557822068439,T1,2026-02-21
2026-02-23 06:00:00,10.6,9.4,0.9091633356189833,T1,2026-02-21
2026-02-23 07:00:00,16.7,7.9,1.000194412937836,T1,2026-02-21
2026-02-23 08:00:00,19.1,7.4,1.001717490915098,T1,2026-02-21
2026-02-23 09:00:00,20.5,7.1,1.0016064860442104,T1,2026-02-21
2026-02-23 10:00:00,20.3,6.6,1.0006329167717283,T1,2026-02-21
2026-02-23 11:00:00,19.6,5.7,0.9922457887846459,T1,2026-02-21
2026-02-23 12:00:00,21.8,4.2,0.985365646250577,T1,2026-02-21
2026-02-23 13:00:00,21.8,3.7,0.9824862046570921,T1,2026-02-21
2026-02-23 14:00:00,24.7,2.7,0.973903701519996,T1,2026-02-21
2026-02-23 15:00:00,25.7,0.9,0.9755654697263597,T1,2026-02-21
2026-02-23 16:00:00,24.1,0.3,0.9763172184679769,T1,2026-02-21
2026-02-23 17:00:00,23.3,-0.4,0.9747893042519375,T1,2026-02-21
2026-02-23 18:00:00,25.0,-1.0,0.9755368903188838,T1,2026-02-21
2026-02-23 19:00:00,24.2,-1.4,0.9522005056080495,T1,2026-02-21
2026-02-23 20:00:00,21.9,-2.0,0.9446845154054236,T1,2026-02-21
2026-02-23 21:00:00,19.8,-2.3,0.8925570399089778,T1,2026-02-21
2026-02-23 22:00:00,19.4,-2.4,0.8928404462541205,T1,2026-02-21
2026-02-23 23:00:00,19.3,-2.4,0.8970894137814933,T1,2026-02-21
2026-02-21 00:00:00,10.2,4.0,0.8535251800646463,T2,2026-02-21
2026-02-21 01:00:00,10.3,3.5,0.8615970080132512,T2,2026-02-21
2026-02-21 02:00:00,9.2,3.0,0.6795843226482778,T2,2026-02-21
2026-02-21 03:00:00,10.2,4.1,0.8522302235709115,T2,2026-02-21
2026-02-21 04:00:00,6.5,6.3,0.26551775373298,T2,2026-02-21
2026-02-21 05:00:00,13.7,7.4,0.9808858466225784,T2,2026-02-21
2026-02-21 06:00:00,34.9,8.2,0.9876302407823893,T2,2026-02-21
2026-02-21 07:00:00,27.6,8.0,0.985170400802891,T2,2026-02-21
2026-02-21 08:00:00,26.9,8.2,0.9832815647862747,T2,2026-02-21
2026-02-21 09:00:00,29.5,7.5,0.9838286315765703,T2,2026-02-21
2026-02-21 10:00:00,26.7,7.4,0.9863552261799698,T2,2026-02-21
2026-02-21 11:00:00,21.5,6.1,0.9819679652296167,T2,2026-02-21
2026-02-21 12:00:00,14.5,6.0,0.9805894084772375,T2,2026-02-21
2026-02-21 13:00:00,14.9,5.9,0.9832916314299841,T2,2026-02-21
2026-02-21 14:00:00,10.5,6.0,0.8505870549820813,T2,2026-02-21
2026-02-21 15:00:00,4.4,5.4,0.054867427769424215,T2,2026-02-21
2026-02-21 16:00:00,5.8,5.0,0.16271100617734696,T2,2026-02-21
2026-02-21 17:00:00,9.1,5.5,0.6452474071927841,T2,2026-02-21
2026-02-21 18:00:00,9.7,5.6,0.7520822308297941,T2,2026-02-21
2026-02-21 19:00:00,7.3,5.5,0.3880620700694495,T2,2026-02-21
2026-02-21 20:00:00,7.0,3.4,0.3421615514873374,T2,2026-02-21
2026-02-21 21:00:00,6.9,1.2,0.32632730251121794,T2,2026-02-21
2026-02-21 22:00:00,4.8,-0.3,0.07514027527689343,T2,2026-02-21
2026-02-21 23:00:00,4.3,-1.0,0.04789905556533802,T2,2026-02-21
2026-02-22 00:00:00,1.9,-1.1,0.01460690886997762,T2,2026-02-21
2026-02-22 01:00:00,3.5,-0.9,0.028863806657053126,T2,2026-02-21
2026-02-22 02:00:00,6.1,-0.2,0.1989343013739266,T2,2026-02-21
2026-02-22 03:00:00,6.3,1.2,0.228029035153284,T2,2026-02-21
2026-02-22 04:00:00,10.9,3.2,0.9376588366304092,T2,2026-02-21
2026-02-22 05:00:00,17.2,5.7,0.9942173512817735,T2,2026-02-21
2026-02-22 06:00:00,23.7,8.0,0.9931725561474779,T2,2026-02-21
2026-02-22 07:00:00,25.5,9.0,0.9898048644111435,T2,2026-02-21
2026-02-22 08:00:00,24.9,9.9,0.9660402778498723,T2,2026-02-21
2026-02-22 09:00:00,23.2,10.2,0.9537360423906315,T2,2026-02-21
2026-02-22 10:00:00,21.3,10.4,0.9508248280855559,T2,2026-02-21
2026-02-22 11:00:00,18.6,9.8,0.9589450325574332,T2,2026-02-21
2026-02-22 12:00:00,13.3,7.5,0.9775771486413285,T2,2026-02-21
2026-02-22 13:00:00,7.9,5.1,0.4591452743998079,T2,2026-02-21
2026-02-22 14:00:00,5.7,3.2,0.1407908781145312,T2,2026-02-21
2026-02-22 15:00:00,5.4,1.6,0.10165965351267309,T2,2026-02-21
2026-02-22 16:00:00,4.1,0.7,0.034996460764947224,T2,2026-02-21
2026-02-22 17:00:00,4.6,0.5,0.05808934699285673,T2,2026-02-21
2026-02-22 18:00:00,7.2,0.7,0.3528112907428829,T2,2026-02-21
2026-02-22 19:00:00,8.6,1.5,0.5742617550790474,T2,2026-02-21
2026-02-22 20:00:00,5.5,2.1,0.1318763190222824,T2,2026-02-21
2026-02-22 21:00:00,3.3,2.7,0.016501346211854007,T2,2026-02-21
2026-02-22 22:00:00,2.5,3.3,0.004645744309394517,T2,2026-02-21
2026-02-22 23:00:00,2.3,3.2,0.004967467574338635,T2,2026-02-21
2026-02-23 00:00:00,6.4,3.0,0.19226374880529168,T2,2026-02-21
2026-02-23 01:00:00,10.0,1.5,0.7193632673326976,T2,2026-02-21
2026-02-23 02:00:00,9.5,1.9,0.64101545348245,T2,2026-02-21
2026-02-23 03:00:00,11.1,4.4,0.8181272198203362,T2,2026-02-21
2026-02-23 04:00:00,10.7,7.1,0.8174404349863391,T2,2026-02-21
2026-02-23 05:00:00,8.7,8.8,0.5085268992170897,T2,2026-02-21
2026-02-23 06:00:00,10.6,9.4,0.8064299339262624,T2,2026-02-21
2026-02-23 07:00:00,16.7,7.9,0.9088721543177591,T2,2026-02-21
2026-02-23 08:00:00,19.1,7.4,0.9055652867048073,T2,2026-02-21
2026-02-23 09:00:00,20.5,7.1,0.9054163248510979,T2,2026-02-21
2026-02-23 10:00:00,20.3,6.6,0.8921523917390551,T2,2026-02-21
2026-02-23 11:00:00,19.6,5.7,0.8896454893544886,T2,2026-02-21
2026-02-23 12:00:00,21.8,4.2,0.9352588610763256,T2,2026-02-21
2026-02-23 13:00:00,21.8,3.7,0.9362965600596962,T2,2026-02-21
2026-02-23 14:00:00,24.7,2.7,0.9424616039422996,T2,2026-02-21
2026-02-23 15:00:00,25.7,0.9,0.9339672937763647,T2,2026-02-21
2026-02-23 16:00:00,24.1,0.3,0.8834787430514676,T2,2026-02-21
2026-02-23 17:00:00,23.3,-0.4,0.8426325735013316,T2,2026-02-21
2026-02-23 18:00:00,25.0,-1.0,0.8534751647261264,T2,2026-02-21
2026-02-23 19:00:00,24.2,-1.4,0.819966151251857,T2,2026-02-21
2026-02-23 20:00:00,21.9,-2.0,0.6715273858685111,T2,2026-02-21
2026-02-23 21:00:00,19.8,-2.3,0.5059501134319221,T2,2026-02-21
2026-02-23 22:00:00,19.4,-2.4,0.521622955779671,T2,2026-02-21
2026-02-23 23:00:00,19.3,-2.4,0.5230157679299583,T2,2026-02-21
2026-02-22 00:00:00,1.9,-1.1,0.014149174444424983,T1,2026-02-22
2026-02-22 01:00:00,3.5,-0.9,0.020966770726823847,T1,2026-02-22
2026-02-22 02:00:00,6.1,-0.2,0.20978659481806272,T1,2026-02-22
2026-02-22 03:00:00,6.3,1.2,0.24702555344952726,T1,2026-02-22
2026-02-22 04:00:00,10.9,3.2,0.9480018997179697,T1,2026-02-22
2026-02-22 05:00:00,17.2,5.7,0.9613525491778191,T1,2026-02-22
2026-02-22 06:00:00,23.7,8.0,0.9663416077757406,T1,2026-02-22
2026-02-22 07:00:00,25.5,9.0,0.9643952136227137,T1,2026-02-22
2026-02-22 08:00:00,24.9,9.9,0.9830662874627978,T1,2026-02-22
2026-02-22 09:00:00,23.2,10.2,0.989348470721716,T1,2026-02-22
2026-02-22 10:00:00,21.3,10.4,0.9854290056739532,T1,2026-02-22
2026-02-22 11:00:00,18.6,9.8,0.9912015617306726,T1,2026-02-22
2026-02-22 12:00:00,13.3,7.5,0.9917321066562148,T1,2026-02-22
2026-02-22 13:00:00,7.9,5.1,0.5050825131102676,T1,2026-02-22
2026-02-22 14:00:00,5.7,3.2,0.16573481911082985,T1,2026-02-22
2026-02-22 15:00:00,5.4,1.6,0.13469830222920554,T1,2026-02-22
2026-02-22 16:00:00,4.1,0.7,0.048399247615732555,T1,2026-02-22
2026-02-22 17:00:00,4.6,0.5,0.06710371865535514,T1,2026-02-22
2026-02-22 18:00:00,7.2,0.7,0.3873613627680065,T1,2026-02-22
2026-02-22 19:00:00,8.6,1.5,0.6420035658774372,T1,2026-02-22
2026-02-22 20:00:00,5.5,2.1,0.15153527102529643,T1,2026-02-22
2026-02-22 21:00:00,3.3,2.7,0.03026807338361759,T1,2026-02-22
2026-02-22 22:00:00,2.5,3.3,0.01759691194352292,T1,2026-02-22
2026-02-22 23:00:00,2.3,3.2,0.016874933696537642,T1,2026-02-22
2026-02-23 00:00:00,6.4,3.0,0.27600973380494187,T1,2026-02-22
2026-02-23 01:00:00,10.0,1.5,0.8597851450146877,T1,2026-02-22
2026-02-23 02:00:00,9.5,1.9,0.7748044181318913,T1,2026-02-22
2026-02-23 03:00:00,11.1,4.4,0.9641546737434157,T1,2026-02-22
2026-02-23 04:00:00,10.7,7.1,0.9145944065723647,T1,2026-02-22
2026-02-23 05:00:00,8.7,8.8,0.6490557822068439,T1,2026-02-22
2026-02-23 06:00:00,10.6,9.4,0.9091633356189833,T1,2026-02-22
2026-02-23 07:00:00,16.7,7.9,1.000194412937836,T1,2026-02-22
2026-02-23 08:00:00,19.1,7.4,1.001717490915098,T1,2026-02-22
2026-02-23 09:00:00,20.5,7.1,1.0016064860442104,T1,2026-02-22
2026-02-23 10:00:00,20.3,6.6,1.0006329167717283,T1,2026-02-22
2026-02-23 11:00:00,19.6,5.7,0.9922457887846459,T1,2026-02-22
2026-02-23 12:00:00,21.8,4.2,0.985365646250577,T1,2026-02-22
2026-02-23 13:00:00,21.8,3.7,0.9824862046570921,T1,2026-02-22
2026-02-23 14:00:00,24.7,2.7,0.973903701519996,T1,2026-02-22
2026-02-23 15:00:00,25.7,0.9,0.9755654697263597,T1,2026-02-22
2026-02-23 16:00:00,24.1,0.3,0.9763172184679769,T1,2026-02-22
2026-02-23 17:00:00,23.3,-0.4,0.9747893042519375,T1,2026-02-22
2026-02-23 18:00:00,25.0,-1.0,0.9755368903188838,T1,2026-02-22
2026-02-23 19:00:00,24.2,-1.4,0.9522005056080495,T1,2026-02-22
2026-02-23 20:00:00,21.9,-2.0,0.9446845154054236,T1,2026-02-22
2026-02-23 21:00:00,19.8,-2.3,0.8925570399089778,T1,2026-02-22
2026-02-23 22:00:00,19.4,-2.4,0.8928404462541205,T1,2026-02-22
2026-02-23 23:00:00,19.3,-2.4,0.8970894137814933,T1,2026-02-22
2026-02-24 00:00:00,16.3,-2.3,0.996420660667577,T1,2026-02-22
2026-02-24 01:00:00,15.0,-2.1,0.9993551198680689,T1,2026-02-22
2026-02-24 02:00:00,13.2,-1.8,0.9954809031497897,T1,2026-02-22
2026-02-24 03:00:00,12.6,-0.9,0.9929070542043744,T1,2026-02-22
2026-02-24 04:00:00,11.0,0.2,0.959649606655193,T1,2026-02-22
2026-02-24 05:00:00,9.9,1.1,0.8340680726476493,T1,2026-02-22
2026-02-24 06:00:00,7.9,2.0,0.5209944768704831,T1,2026-02-22
2026-02-24 07:00:00,8.1,2.8,0.5508018022314873,T1,2026-02-22
2026-02-24 08:00:00,9.9,2.9,0.8323412700735342,T1,2026-02-22
2026-02-24 09:00:00,11.4,2.6,0.9764198835487683,T1,2026-02-22
2026-02-24 10:00:00,11.0,2.0,0.9568355560565935,T1,2026-02-22
2026-02-24 11:00:00,8.9,1.5,0.6865851176407016,T1,2026-02-22
2026-02-24 12:00:00,5.0,1.0,0.08691853219012935,T1,2026-02-22
2026-02-24 13:00:00,5.1,0.2,0.09749488144893592,T1,2026-02-22
2026-02-24 14:00:00,4.0,-0.4,0.035731639798419645,T1,2026-02-22
2026-02-24 15:00:00,0.6,-0.5,0.003664892399533659,T1,2026-02-22
2026-02-24 16:00:00,3.1,-0.7,0.007526488771543882,T1,2026-02-22
2026-02-24 17:00:00,2.9,-0.9,0.007579598697060763,T1,2026-02-22
2026-02-24 18:00:00,4.0,-0.6,0.04024011794175403,T1,2026-02-22
2026-02-24 19:00:00,7.1,-1.2,0.35731773201021494,T1,2026-02-22
2026-02-24 20:00:00,5.9,-1.5,0.1756253492633138,T1,2026-02-22
2026-02-24 21:00:00,5.6,-1.4,0.13476078632556265,T1,2026-02-22
2026-02-24 22:00:00,5.0,-1.6,0.07818609673129595,T1,2026-02-22
2026-02-24 23:00:00,4.1,-1.9,0.04319314236363614,T1,2026-02-22
2026-02-22 00:00:00,1.9,-1.1,0.01460690886997762,T2,2026-02-22
2026-02-22 01:00:00,3.5,-0.9,0.028863806657053126,T2,2026-02-22
2026-02-22 02:00:00,6.1,-0.2,0.1989343013739266,T2,2026-02-22
2026-02-22 03:00:00,6.3,1.2,0.228029035153284,T2,2026-02-22
2026-02-22 04:00:00,10.9,3.2,0.9376588366304092,T2,2026-02-22
2026-02-22 05:00:00,17.2,5.7,0.9942173512817735,T2,2026-02-22
2026-02-22 06:00:00,23.7,8.0,0.9931725561474779,T2,2026-02-22
2026-02-22 07:00:00,25.5,9.0,0.9898048644111435,T2,2026-02-22
2026-02-22 08:00:00,24.9,9.9,0.9660402778498723,T2,2026-02-22
2026-02-22 09:00:00,23.2,10.2,0.9537360423906315,T2,2026-02-22
2026-02-22 10:00:00,21.3,10.4,0.9508248280855559,T2,2026-02-22
2026-02-22 11:00:00,18.6,9.8,0.9589450325574332,T2,2026-02-22
2026-02-22 12:00:00,13.3,7.5,0.9775771486413285,T2,2026-02-22
2026-02-22 13:00:00,7.9,5.1,0.4591452743998079,T2,2026-02-22
2026-02-22 14:00:00,5.7,3.2,0.1407908781145312,T2,2026-02-22
2026-02-22 15:00:00,5.4,1.6,0.10165965351267309,T2,2026-02-22
2026-02-22 16:00:00,4.1,0.7,0.034996460764947224,T2,2026-02-22
2026-02-22 17:00:00,4.6,0.5,0.05808934699285673,T2,2026-02-22
2026-02-22 18:00:00,7.2,0.7,0.3528112907428829,T2,2026-02-22
2026-02-22 19:00:00,8.6,1.5,0.5742617550790474,T2,2026-02-22
2026-02-22 20:00:00,5.5,2.1,0.1318763190222824,T2,2026-02-22
2026-02-22 21:00:00,3.3,2.7,0.016501346211854007,T2,2026-02-22
2026-02-22 22:00:00,2.5,3.3,0.004645744309394517,T2,2026-02-22
2026-02-22 23:00:00,2.3,3.2,0.004967467574338635,T2,2026-02-22
2026-02-23 00:00:00,6.4,3.0,0.19226374880529168,T2,2026-02-22
2026-02-23 01:00:00,10.0,1.5,0.7193632673326976,T2,2026-02-22
2026-02-23 02:00:00,9.5,1.9,0.64101545348245,T2,2026-02-22
2026-02-23 03:00:00,11.1,4.4,0.8181272198203362,T2,2026-02-22
2026-02-23 04:00:00,10.7,7.1,0.8174404349863391,T2,2026-02-22
2026-02-23 05:00:00,8.7,8.8,0.5085268992170897,T2,2026-02-22
2026-02-23 06:00:00,10.6,9.4,0.8064299339262624,T2,2026-02-22
2026-02-23 07:00:00,16.7,7.9,0.9088721543177591,T2,2026-02-22
2026-02-23 08:00:00,19.1,7.4,0.9055652867048073,T2,2026-02-22
2026-02-23 09:00:00,20.5,7.1,0.9054163248510979,T2,2026-02-22
2026-02-23 10:00:00,20.3,6.6,0.8921523917390551,T2,2026-02-22
2026-02-23 11:00:00,19.6,5.7,0.8896454893544886,T2,2026-02-22
2026-02-23 12:00:00,21.8,4.2,0.9352588610763256,T2,2026-02-22
2026-02-23 13:00:00,21.8,3.7,0.9362965600596962,T2,2026-02-22
2026-02-23 14:00:00,24.7,2.7,0.9424616039422996,T2,2026-02-22
2026-02-23 15:00:00,25.7,0.9,0.9339672937763647,T2,2026-02-22
2026-02-23 16:00:00,24.1,0.3,0.8834787430514676,T2,2026-02-22
2026-02-23 17:00:00,23.3,-0.4,0.8426325735013316,T2,2026-02-22
2026-02-23 18:00:00,25.0,-1.0,0.8534751647261264,T2,2026-02-22
2026-02-23 19:00:00,24.2,-1.4,0.819966151251857,T2,2026-02-22
2026-02-23 20:00:00,21.9,-2.0,0.6715273858685111,T2,2026-02-22
2026-02-23 21:00:00,19.8,-2.3,0.5059501134319221,T2,2026-02-22
2026-02-23 22:00:00,19.4,-2.4,0.521622955779671,T2,2026-02-22
2026-02-23 23:00:00,19.3,-2.4,0.5230157679299583,T2,2026-02-22
2026-02-24 00:00:00,16.3,-2.3,0.968432997990551,T2,2026-02-22
2026-02-24 01:00:00,15.0,-2.1,0.9696911394706946,T2,2026-02-22
2026-02-24 02:00:00,13.2,-1.8,0.9854525801646901,T2,2026-02-22
2026-02-24 03:00:00,12.6,-0.9,0.9771614198509851,T2,2026-02-22
2026-02-24 04:00:00,11.0,0.2,0.9367610854830941,T2,2026-02-22
2026-02-24 05:00:00,9.9,1.1,0.8093791332799409,T2,2026-02-22
2026-02-24 06:00:00,7.9,2.0,0.4795707924005896,T2,2026-02-22
2026-02-24 07:00:00,8.1,2.8,0.5090066522528145,T2,2026-02-22
2026-02-24 08:00:00,9.9,2.9,0.8131960960389928,T2,2026-02-22
2026-02-24 09:00:00,11.4,2.6,0.9502864886306406,T2,2026-02-22
2026-02-24 10:00:00,11.0,2.0,0.9361025147347856,T2,2026-02-22
2026-02-24 11:00:00,8.9,1.5,0.6423435562248069,T2,2026-02-22
2026-02-24 12:00:00,5.0,1.0,0.07468362413679758,T2,2026-02-22
2026-02-24 13:00:00,5.1,0.2,0.08437056636435558,T2,2026-02-22
2026-02-24 14:00:00,4.0,-0.4,0.025920155903834452,T2,2026-02-22
2026-02-24 15:00:00,0.6,-0.5,-0.0004209910848854692,T2,2026-02-22
2026-02-24 16:00:00,3.1,-0.7,0.004556202912288143,T2,2026-02-22
2026-02-24 17:00:00,2.9,-0.9,0.008343670107262224,T2,2026-02-22
2026-02-24 18:00:00,4.0,-0.6,0.03392053587219901,T2,2026-02-22
2026-02-24 19:00:00,7.1,-1.2,0.3436318270515244,T2,2026-02-22
2026-02-24 20:00:00,5.9,-1.5,0.16103335466734692,T2,2026-02-22
2026-02-24 21:00:00,5.6,-1.4,0.13387980911502245,T2,2026-02-22
2026-02-24 22:00:00,5.0,-1.6,0.0778043830337079,T2,2026-02-22
2026-02-24 23:00:00,4.1,-1.9,0.03275445486109391,T2,2026-02-22
2026-02-23 00:00:00,6.4,3.0,0.27600973380494187,T1,2026-02-23
2026-02-23 01:00:00,10.0,1.5,0.8597851450146877,T1,2026-02-23
2026-02-23 02:00:00,9.5,1.9,0.7748044181318913,T1,2026-02-23
2026-02-23 03:00:00,11.1,4.4,0.9641546737434157,T1,2026-02-23
2026-02-23 04:00:00,10.7,7.1,0.9145944065723647,T1,2026-02-23
2026-02-23 05:00:00,8.7,8.8,0.6490557822068439,T1,2026-02-23
2026-02-23 06:00:00,10.6,9.4,0.9091633356189833,T1,2026-02-23
2026-02-23 07:00:00,16.7,7.9,1.000194412937836,T1,2026-02-23
2026-02-23 08:00:00,19.1,7.4,1.001717490915098,T1,2026-02-23
2026-02-23 09:00:00,20.5,7.1,1.0016064860442104,T1,2026-02-23
2026-02-23 10:00:00,20.3,6.6,1.0006329167717283,T1,2026-02-23
2026-02-23 11:00:00,19.6,5.7,0.9922457887846459,T1,2026-02-23
2026-02-23 12:00:00,21.8,4.2,0.985365646250577,T1,2026-02-23
2026-02-23 13:00:00,21.8,3.7,0.9824862046570921,T1,2026-02-23
2026-02-23 14:00:00,24.7,2.7,0.973903701519996,T1,2026-02-23
2026-02-23 15:00:00,25.7,0.9,0.9755654697263597,T1,2026-02-23
2026-02-23 16:00:00,24.1,0.3,0.9763172184679769,T1,2026-02-23
2026-02-23 17:00:00,23.3,-0.4,0.9747893042519375,T1,2026-02-23
2026-02-23 18:00:00,25.0,-1.0,0.9755368903188838,T1,2026-02-23
2026-02-23 19:00:00,24.2,-1.4,0.9522005056080495,T1,2026-02-23
2026-02-23 20:00:00,21.9,-2.0,0.9446845154054236,T1,2026-02-23
2026-02-23 21:00:00,19.8,-2.3,0.8925570399089778,T1,2026-02-23
2026-02-23 22:00:00,19.4,-2.4,0.8928404462541205,T1,2026-02-23
2026-02-23 23:00:00,19.3,-2.4,0.8970894137814933,T1,2026-02-23
2026-02-24 00:00:00,16.3,-2.3,0.996420660667577,T1,2026-02-23
2026-02-24 01:00:00,15.0,-2.1,0.9993551198680689,T1,2026-02-23
2026-02-24 02:00:00,13.2,-1.8,0.9954809031497897,T1,2026-02-23
2026-02-24 03:00:00,12.6,-0.9,0.9929070542043744,T1,2026-02-23
2026-02-24 04:00:00,11.0,0.2,0.959649606655193,T1,2026-02-23
2026-02-24 05:00:00,9.9,1.1,0.8340680726476493,T1,2026-02-23
2026-02-24 06:00:00,7.9,2.0,0.5209944768704831,T1,2026-02-23
2026-02-24 07:00:00,8.1,2.8,0.5508018022314873,T1,2026-02-23
2026-02-24 08:00:00,9.9,2.9,0.8323412700735342,T1,2026-02-23
2026-02-24 09:00:00,11.4,2.6,0.9764198835487683,T1,2026-02-23
2026-02-24 10:00:00,11.0,2.0,0.9568355560565935,T1,2026-02-23
2026-02-24 11:00:00,8.9,1.5,0.6865851176407016,T1,2026-02-23
2026-02-24 12:00:00,5.0,1.0,0.08691853219012935,T1,2026-02-23
2026-02-24 13:00:00,5.1,0.2,0.09749488144893592,T1,2026-02-23
2026-02-24 14:00:00,4.0,-0.4,0.035731639798419645,T1,2026-02-23
2026-02-24 15:00:00,0.6,-0.5,0.003664892399533659,T1,2026-02-23
2026-02-24 16:00:00,3.1,-0.7,0.007526488771543882,T1,2026-02-23
2026-02-24 17:00:00,2.9,-0.9,0.007579598697060763,T1,2026-02-23
2026-02-24 18:00:00,4.0,-0.6,0.04024011794175403,T1,2026-02-23
2026-02-24 19:00:00,7.1,-1.2,0.35731773201021494,T1,2026-02-23
2026-02-24 20:00:00,5.9,-1.5,0.1756253492633138,T1,2026-02-23
2026-02-24 21:00:00,5.6,-1.4,0.13476078632556265,T1,2026-02-23
2026-02-24 22:00:00,5.0,-1.6,0.07818609673129595,T1,2026-02-23
2026-02-24 23:00:00,4.1,-1.9,0.04319314236363614,T1,2026-02-23
2026-02-25 00:00:00,6.0,-2.0,0.19247029724597356,T1,2026-02-23
2026-02-25 01:00:00,6.6,-1.8,0.27465836637556057,T1,2026-02-23
2026-02-25 02:00:00,5.9,-1.5,0.18051903651728904,T1,2026-02-23
2026-02-25 03:00:00,5.4,-0.8,0.1312322399609967,T1,2026-02-23
2026-02-25 04:00:00,6.5,-0.1,0.2771579217529583,T1,2026-02-23
2026-02-25 05:00:00,6.9,1.0,0.3522490685563474,T1,2026-02-23
2026-02-25 06:00:00,7.7,1.9,0.48744190772506424,T1,2026-02-23
2026-02-25 07:00:00,6.9,2.4,0.3559872606675442,T1,2026-02-23
2026-02-25 08:00:00,4.9,2.7,0.10024636621238847,T1,2026-02-23
2026-02-25 09:00:00,1.0,2.9,0.009319506697268942,T1,2026-02-23
2026-02-25 10:00:00,1.2,2.9,0.006939364756235411,T1,2026-02-23
2026-02-25 11:00:00,3.1,2.9,0.014538268133465593,T1,2026-02-23
2026-02-25 12:00:00,5.7,1.4,0.154729555478465,T1,2026-02-23
2026-02-25 13:00:00,3.6,0.8,0.023249600552780636,T1,2026-02-23
2026-02-25 14:00:00,0.7,1.2,0.0037699205124193114,T1,2026-02-23
2026-02-25 15:00:00,1.9,1.2,0.006650093005601876,T1,2026-02-23
2026-02-25 16:00:00,6.0,0.5,0.19124872340828794,T1,2026-02-23
2026-02-25 17:00:00,7.4,0.0,0.41841034930456583,T1,2026-02-23
2026-02-25 18:00:00,13.4,0.6,0.9787275686811955,T1,2026-02-23
2026-02-25 19:00:00,14.7,-0.1,0.9342410802282105,T1,2026-02-23
2026-02-25 20:00:00,14.7,-0.1,0.9259169399652634,T1,2026-02-23
2026-02-25 21:00:00,15.7,0.2,0.8151549732841838,T1,2026-02-23
2026-02-25 22:00:00,14.5,0.7,0.8469949291059141,T1,2026-02-23
2026-02-25 23:00:00,15.6,0.7,0.8493450049865051,T1,2026-02-23
2026-02-23 00:00:00,6.4,3.0,0.19226374880529168,T2,2026-02-23
2026-02-23 01:00:00,10.0,1.5,0.7193632673326976,T2,2026-02-23
2026-02-23 02:00:00,9.5,1.9,0.64101545348245,T2,2026-02-23
2026-02-23 03:00:00,11.1,4.4,0.8181272198203362,T2,2026-02-23
2026-02-23 04:00:00,10.7,7.1,0.8174404349863391,T2,2026-02-23
2026-02-23 05:00:00,8.7,8.8,0.5085268992170897,T2,2026-02-23
2026-02-23 06:00:00,10.6,9.4,0.8064299339262624,T2,2026-02-23
2026-02-23 07:00:00,16.7,7.9,0.9088721543177591,T2,2026-02-23
2026-02-23 08:00:00,19.1,7.4,0.9055652867048073,T2,2026-02-23
2026-02-23 09:00:00,20.5,7.1,0.9054163248510979,T2,2026-02-23
2026-02-23 10:00:00,20.3,6.6,0.8921523917390551,T2,2026-02-23
2026-02-23 11:00:00,19.6,5.7,0.8896454893544886,T2,2026-02-23
2026-02-23 12:00:00,21.8,4.2,0.9352588610763256,T2,2026-02-23
2026-02-23 13:00:00,21.8,3.7,0.9362965600596962,T2,2026-02-23
2026-02-23 14:00:00,24.7,2.7,0.9424616039422996,T2,2026-02-23
2026-02-23 15:00:00,25.7,0.9,0.9339672937763647,T2,2026-02-23
2026-02-23 16:00:00,24.1,0.3,0.8834787430514676,T2,2026-02-23
2026-02-23 17:00:00,23.3,-0.4,0.8426325735013316,T2,2026-02-23
2026-02-23 18:00:00,25.0,-1.0,0.8534751647261264,T2,2026-02-23
2026-02-23 19:00:00,24.2,-1.4,0.819966151251857,T2,2026-02-23
2026-02-23 20:00:00,21.9,-2.0,0.6715273858685111,T2,2026-02-23
2026-02-23 21:00:00,19.8,-2.3,0.5059501134319221,T2,2026-02-23
2026-02-23 22:00:00,19.4,-2.4,0.521622955779671,T2,2026-02-23
2026-02-23 23:00:00,19.3,-2.4,0.5230157679299583,T2,2026-02-23
2026-02-24 00:00:00,16.3,-2.3,0.968432997990551,T2,2026-02-23
2026-02-24 01:00:00,15.0,-2.1,0.9696911394706946,T2,2026-02-23
2026-02-24 02:00:00,13.2,-1.8,0.9854525801646901,T2,2026-02-23
2026-02-24 03:00:00,12.6,-0.9,0.9771614198509851,T2,2026-02-23
2026-02-24 04:00:00,11.0,0.2,0.9367610854830941,T2,2026-02-23
2026-02-24 05:00:00,9.9,1.1,0.8093791332799409,T2,2026-02-23
2026-02-24 06:00:00,7.9,2.0,0.4795707924005896,T2,2026-02-23
2026-02-24 07:00:00,8.1,2.8,0.5090066522528145,T2,2026-02-23
2026-02-24 08:00:00,9.9,2.9,0.8131960960389928,T2,2026-02-23
2026-02-24 09:00:00,11.4,2.6,0.9502864886306406,T2,2026-02-23
2026-02-24 10:00:00,11.0,2.0,0.9361025147347856,T2,2026-02-23
2026-02-24 11:00:00,8.9,1.5,0.6423435562248069,T2,2026-02-23
2026-02-24 12:00:00,5.0,1.0,0.07468362413679758,T2,2026-02-23
2026-02-24 13:00:00,5.1,0.2,0.08437056636435558,T2,2026-02-23
2026-02-24 14:00:00,4.0,-0.4,0.025920155903834452,T2,2026-02-23
2026-02-24 15:00:00,0.6,-0.5,-0.0004209910848854692,T2,2026-02-23
2026-02-24 16:00:00,3.1,-0.7,0.004556202912288143,T2,2026-02-23
2026-02-24 17:00:00,2.9,-0.9,0.008343670107262224,T2,2026-02-23
2026-02-24 18:00:00,4.0,-0.6,0.03392053587219901,T2,2026-02-23
2026-02-24 19:00:00,7.1,-1.2,0.3436318270515244,T2,2026-02-23
2026-02-24 20:00:00,5.9,-1.5,0.16103335466734692,T2,2026-02-23
2026-02-24 21:00:00,5.6,-1.4,0.13387980911502245,T2,2026-02-23
2026-02-24 22:00:00,5.0,-1.6,0.0778043830337079,T2,2026-02-23
2026-02-24 23:00:00,4.1,-1.9,0.03275445486109391,T2,2026-02-23
2026-02-25 00:00:00,6.0,-2.0,0.1801523541543755,T2,2026-02-23
2026-02-25 01:00:00,6.6,-1.8,0.2672006770083226,T2,2026-02-23
2026-02-25 02:00:00,5.9,-1.5,0.1684681026842425,T2,2026-02-23
2026-02-25 03:00:00,5.4,-0.8,0.11220001416184,T2,2026-02-23
2026-02-25 04:00:00,6.5,-0.1,0.25529550331959716,T2,2026-02-23
2026-02-25 05:00:00,6.9,1.0,0.32500715862243135,T2,2026-02-23
2026-02-25 06:00:00,7.7,1.9,0.444301529912073,T2,2026-02-23
2026-02-25 07:00:00,6.9,2.4,0.33116106617291563,T2,2026-02-23
2026-02-25 08:00:00,4.9,2.7,0.08936086050842806,T2,2026-02-23
2026-02-25 09:00:00,1.0,2.9,0.013672429131925679,T2,2026-02-23
2026-02-25 10:00:00,1.2,2.9,0.0082154365335248,T2,2026-02-23
2026-02-25 11:00:00,3.1,2.9,0.013206736279452291,T2,2026-02-23
2026-02-25 12:00:00,5.7,1.4,0.13563667436572122,T2,2026-02-23
2026-02-25 13:00:00,3.6,0.8,0.017990012433445113,T2,2026-02-23
2026-02-25 14:00:00,0.7,1.2,0.0035720175414304944,T2,2026-02-23
2026-02-25 15:00:00,1.9,1.2,0.0056838737574668174,T2,2026-02-23
2026-02-25 16:00:00,6.0,0.5,0.1733684203781185,T2,2026-02-23
2026-02-25 17:00:00,7.4,0.0,0.3921448367819621,T2,2026-02-23
2026-02-25 18:00:00,13.4,0.6,0.982926267206572,T2,2026-02-23
2026-02-25 19:00:00,14.7,-0.1,0.8965769926135192,T2,2026-02-23
2026-02-25 20:00:00,14.7,-0.1,0.7507173360928172,T2,2026-02-23
2026-02-25 21:00:00,15.7,0.2,0.4493013468012041,T2,2026-02-23
2026-02-25 22:00:00,14.5,0.7,0.6131412108127211,T2,2026-02-23
2026-02-25 23:00:00,15.6,0.7,0.47665459873412785,T2,2026-02-23
2026-02-24 00:00:00,16.3,-2.3,0.996420660667577,T1,2026-02-24
2026-02-24 01:00:00,15.0,-2.1,0.9993551198680689,T1,2026-02-24
2026-02-24 02:00:00,13.2,-1.8,0.9954809031497897,T1,2026-02-24
2026-02-24 03:00:00,12.6,-0.9,0.9929070542043744,T1,2026-02-24
2026-02-24 04:00:00,11.0,0.2,0.959649606655193,T1,2026-02-24
2026-02-24 05:00:00,9.9,1.1,0.8340680726476493,T1,2026-02-24
2026-02-24 06:00:00,7.9,2.0,0.5209944768704831,T1,2026-02-24
2026-02-24 07:00:00,8.1,2.8,0.5508018022314873,T1,2026-02-24
2026-02-24 08:00:00,9.9,2.9,0.8323412700735342,T1,2026-02-24
2026-02-24 09:00:00,11.4,2.6,0.9764198835487683,T1,2026-02-24
2026-02-24 10:00:00,11.0,2.0,0.9568355560565935,T1,2026-02-24
2026-02-24 11:00:00,8.9,1.5,0.6865851176407016,T1,2026-02-24
2026-02-24 12:00:00,5.0,1.0,0.08691853219012935,T1,2026-02-24
2026-02-24 13:00:00,5.1,0.2,0.09749488144893592,T1,2026-02-24
2026-02-24 14:00:00,4.0,-0.4,0.035731639798419645,T1,2026-02-24
2026-02-24 15:00:00,0.6,-0.5,0.003664892399533659,T1,2026-02-24
2026-02-24 16:00:00,3.1,-0.7,0.007526488771543882,T1,2026-02-24
2026-02-24 17:00:00,2.9,-0.9,0.007579598697060763,T1,2026-02-24
2026-02-24 18:00:00,4.0,-0.6,0.04024011794175403,T1,2026-02-24
2026-02-24 19:00:00,7.1,-1.2,0.35731773201021494,T1,2026-02-24
2026-02-24 20:00:00,5.9,-1.5,0.1756253492633138,T1,2026-02-24
2026-02-24 21:00:00,5.6,-1.4,0.13476078632556265,T1,2026-02-24
2026-02-24 22:00:00,5.0,-1.6,0.07818609673129595,T1,2026-02-24
2026-02-24 23:00:00,4.1,-1.9,0.04319314236363614,T1,2026-02-24
2026-02-25 00:00:00,6.0,-2.0,0.19247029724597356,T1,2026-02-24
2026-02-25 01:00:00,6.6,-1.8,0.27465836637556057,T1,2026-02-24
2026-02-25 02:00:00,5.9,-1.5,0.18051903651728904,T1,2026-02-24
2026-02-25 03:00:00,5.4,-0.8,0.1312322399609967,T1,2026-02-24
2026-02-25 04:00:00,6.5,-0.1,0.2771579217529583,T1,2026-02-24
2026-02-25 05:00:00,6.9,1.0,0.3522490685563474,T1,2026-02-24
2026-02-25 06:00:00,7.7,1.9,0.48744190772506424,T1,2026-02-24
2026-02-25 07:00:00,6.9,2.4,0.3559872606675442,T1,2026-02-24
2026-02-25 08:00:00,4.9,2.7,0.10024636621238847,T1,2026-02-24
2026-02-25 09:00:00,1.0,2.9,0.009319506697268942,T1,2026-02-24
2026-02-25 10:00:00,1.2,2.9,0.006939364756235411,T1,2026-02-24
2026-02-25 11:00:00,3.1,2.9,0.014538268133465593,T1,2026-02-24
2026-02-25 12:00:00,5.7,1.4,0.154729555478465,T1,2026-02-24
2026-02-25 13:00:00,3.6,0.8,0.023249600552780636,T1,2026-02-24
2026-02-25 14:00:00,0.7,1.2,0.0037699205124193114,T1,2026-02-24
2026-02-25 15:00:00,1.9,1.2,0.006650093005601876,T1,2026-02-24
2026-02-25 16:00:00,6.0,0.5,0.19124872340828794,T1,2026-02-24
2026-02-25 17:00:00,7.4,0.0,0.41841034930456583,T1,2026-02-24
2026-02-25 18:00:00,13.4,0.6,0.9787275686811955,T1,2026-02-24
2026-02-25 19:00:00,14.7,-0.1,0.9342410802282105,T1,2026-02-24
2026-02-25 20:00:00,14.7,-0.1,0.9259169399652634,T1,2026-02-24
2026-02-25 21:00:00,15.7,0.2,0.8151549732841838,T1,2026-02-24
2026-02-25 22:00:00,14.5,0.7,0.8469949291059141,T1,2026-02-24
2026-02-25 23:00:00,15.6,0.7,0.8493450049865051,T1,2026-02-24
2026-02-26 00:00:00,15.6,0.7,0.9833654933874975,T1,2026-02-24
2026-02-26 01:00:00,16.2,0.4,0.9828337708884074,T1,2026-02-24
2026-02-26 02:00:00,13.1,0.4,0.9874482734426628,T1,2026-02-24
2026-02-26 03:00:00,13.2,1.6,0.987211706438058,T1,2026-02-24
2026-02-26 04:00:00,15.1,3.6,0.9967414034461671,T1,2026-02-24
2026-02-26 05:00:00,8.3,4.5,0.5878547984216232,T1,2026-02-24
2026-02-26 06:00:00,6.1,5.9,0.22832151568096343,T1,2026-02-24
2026-02-26 07:00:00,24.1,4.7,0.9901595639304973,T1,2026-02-24
2026-02-26 08:00:00,17.0,2.1,0.9819232477875673,T1,2026-02-24
2026-02-26 09:00:00,13.8,-0.3,0.9822070456511706,T1,2026-02-24
2026-02-26 10:00:00,12.7,-0.6,0.9811195437455701,T1,2026-02-24
2026-02-26 11:00:00,17.9,-0.1,0.9678995413423098,T1,2026-02-24
2026-02-26 12:00:00,20.3,-0.2,0.9525729933832807,T1,2026-02-24
2026-02-26 13:00:00,19.9,-0.6,0.9542770923411692,T1,2026-02-24
2026-02-26 14:00:00,16.1,-0.4,0.9544148332975275,T1,2026-02-24
2026-02-26 15:00:00,16.9,0.2,0.9561621122325774,T1,2026-02-24
2026-02-26 16:00:00,17.3,0.8,0.9563040691849671,T1,2026-02-24
2026-02-26 17:00:00,17.4,0.8,0.9563101005162811,T1,2026-02-24
2026-02-26 18:00:00,16.2,0.2,0.9551956276757262,T1,2026-02-24
2026-02-26 19:00:00,11.6,-0.2,0.9867526780237684,T1,2026-02-24
2026-02-26 20:00:00,11.1,-0.6,0.9714256344618655,T1,2026-02-24
2026-02-26 21:00:00,11.2,-0.8,0.9667219310771186,T1,2026-02-24
2026-02-26 22:00:00,9.8,-1.2,0.8181487088345628,T1,2026-02-24
2026-02-26 23:00:00,11.8,-0.5,0.9874062300433589,T1,2026-02-24
2026-02-24 00:00:00,16.3,-2.3,0.968432997990551,T2,2026-02-24
2026-02-24 01:00:00,15.0,-2.1,0.9696911394706946,T2,2026-02-24
2026-02-24 02:00:00,13.2,-1.8,0.9854525801646901,T2,2026-02-24
2026-02-24 03:00:00,12.6,-0.9,0.9771614198509851,T2,2026-02-24
2026-02-24 04:00:00,11.0,0.2,0.9367610854830941,T2,2026-02-24
2026-02-24 05:00:00,9.9,1.1,0.8093791332799409,T2,2026-02-24
2026-02-24 06:00:00,7.9,2.0,0.4795707924005896,T2,2026-02-24
2026-02-24 07:00:00,8.1,2.8,0.5090066522528145,T2,2026-02-24
2026-02-24 08:00:00,9.9,2.9,0.8131960960389928,T2,2026-02-24
2026-02-24 09:00:00,11.4,2.6,0.9502864886306406,T2,2026-02-24
2026-02-24 10:00:00,11.0,2.0,0.9361025147347856,T2,2026-02-24
2026-02-24 11:00:00,8.9,1.5,0.6423435562248069,T2,2026-02-24
2026-02-24 12:00:00,5.0,1.0,0.07468362413679758,T2,2026-02-24
2026-02-24 13:00:00,5.1,0.2,0.08437056636435558,T2,2026-02-24
2026-02-24 14:00:00,4.0,-0.4,0.025920155903834452,T2,2026-02-24
2026-02-24 15:00:00,0.6,-0.5,-0.0004209910848854692,T2,2026-02-24
2026-02-24 16:00:00,3.1,-0.7,0.004556202912288143,T2,2026-02-24
2026-02-24 17:00:00,2.9,-0.9,0.008343670107262224,T2,2026-02-24
2026-02-24 18:00:00,4.0,-0.6,0.03392053587219901,T2,2026-02-24
2026-02-24 19:00:00,7.1,-1.2,0.3436318270515244,T2,2026-02-24
2026-02-24 20:00:00,5.9,-1.5,0.16103335466734692,T2,2026-02-24
2026-02-24 21:00:00,5.6,-1.4,0.13387980911502245,T2,2026-02-24
2026-02-24 22:00:00,5.0,-1.6,0.0778043830337079,T2,2026-02-24
2026-02-24 23:00:00,4.1,-1.9,0.03275445486109391,T2,2026-02-24
2026-02-25 00:00:00,6.0,-2.0,0.1801523541543755,T2,2026-02-24
2026-02-25 01:00:00,6.6,-1.8,0.2672006770083226,T2,2026-02-24
2026-02-25 02:00:00,5.9,-1.5,0.1684681026842425,T2,2026-02-24
2026-02-25 03:00:00,5.4,-0.8,0.11220001416184,T2,2026-02-24
2026-02-25 04:00:00,6.5,-0.1,0.25529550331959716,T2,2026-02-24
2026-02-25 05:00:00,6.9,1.0,0.32500715862243135,T2,2026-02-24
2026-02-25 06:00:00,7.7,1.9,0.444301529912073,T2,2026-02-24
2026-02-25 07:00:00,6.9,2.4,0.33116106617291563,T2,2026-02-24
2026-02-25 08:00:00,4.9,2.7,0.08936086050842806,T2,2026-02-24
2026-02-25 09:00:00,1.0,2.9,0.013672429131925679,T2,2026-02-24
2026-02-25 10:00:00,1.2,2.9,0.0082154365335248,T2,2026-02-24
2026-02-25 11:00:00,3.1,2.9,0.013206736279452291,T2,2026-02-24
2026-02-25 12:00:00,5.7,1.4,0.13563667436572122,T2,2026-02-24
2026-02-25 13:00:00,3.6,0.8,0.017990012433445113,T2,2026-02-24
2026-02-25 14:00:00,0.7,1.2,0.0035720175414304944,T2,2026-02-24
2026-02-25 15:00:00,1.9,1.2,0.0056838737574668174,T2,2026-02-24
2026-02-25 16:00:00,6.0,0.5,0.1733684203781185,T2,2026-02-24
2026-02-25 17:00:00,7.4,0.0,0.3921448367819621,T2,2026-02-24
2026-02-25 18:00:00,13.4,0.6,0.982926267206572,T2,2026-02-24
2026-02-25 19:00:00,14.7,-0.1,0.8965769926135192,T2,2026-02-24
2026-02-25 20:00:00,14.7,-0.1,0.7507173360928172,T2,2026-02-24
2026-02-25 21:00:00,15.7,0.2,0.4493013468012041,T2,2026-02-24
2026-02-25 22:00:00,14.5,0.7,0.6131412108127211,T2,2026-02-24
2026-02-25 23:00:00,15.6,0.7,0.47665459873412785,T2,2026-02-24
2026-02-26 00:00:00,15.6,0.7,0.9528664592903052,T2,2026-02-24
2026-02-26 01:00:00,16.2,0.4,0.9538093774049144,T2,2026-02-24
2026-02-26 02:00:00,13.1,0.4,0.979333739618478,T2,2026-02-24
2026-02-26 03:00:00,13.2,1.6,0.9794006892696734,T2,2026-02-24
2026-02-26 04:00:00,15.1,3.6,0.9783447116788454,T2,2026-02-24
2026-02-26 05:00:00,8.3,4.5,0.5628426414700649,T2,2026-02-24
2026-02-26 06:00:00,6.1,5.9,0.22140291760688383,T2,2026-02-24
2026-02-26 07:00:00,24.1,4.7,0.9748607529953911,T2,2026-02-24
2026-02-26 08:00:00,17.0,2.1,0.9535001507220848,T2,2026-02-24
2026-02-26 09:00:00,13.8,-0.3,0.9724981553854631,T2,2026-02-24
2026-02-26 10:00:00,12.7,-0.6,0.9628212566642043,T2,2026-02-24
2026-02-26 11:00:00,17.9,-0.1,0.8974931998757602,T2,2026-02-24
2026-02-26 12:00:00,20.3,-0.2,0.8553461655073908,T2,2026-02-24
2026-02-26 13:00:00,19.9,-0.6,0.8612175138351907,T2,2026-02-24
2026-02-26 14:00:00,16.1,-0.4,0.8558775925632904,T2,2026-02-24
2026-02-26 15:00:00,16.9,0.2,0.9047126548161639,T2,2026-02-24
2026-02-26 16:00:00,17.3,0.8,0.9080192677385749,T2,2026-02-24
2026-02-26 17:00:00,17.4,0.8,0.893345439317203,T2,2026-02-24
2026-02-26 18:00:00,16.2,0.2,0.8640686563519355,T2,2026-02-24
2026-02-26 19:00:00,11.6,-0.2,0.966487582879604,T2,2026-02-24
2026-02-26 20:00:00,11.1,-0.6,0.9675311018996584,T2,2026-02-24
2026-02-26 21:00:00,11.2,-0.8,0.9668670563771707,T2,2026-02-24
2026-02-26 22:00:00,9.8,-1.2,0.7831400162034488,T2,2026-02-24
2026-02-26 23:00:00,11.8,-0.5,0.9746107445154839,T2,2026-02-24
2026-02-25 00:00:00,6.0,-2.0,0.19247029724597356,T1,2026-02-25
2026-02-25 01:00:00,6.6,-1.8,0.27465836637556057,T1,2026-02-25
2026-02-25 02:00:00,5.9,-1.5,0.18051903651728904,T1,2026-02-25
2026-02-25 03:00:00,5.4,-0.8,0.1312322399609967,T1,2026-02-25
2026-02-25 04:00:00,6.5,-0.1,0.2771579217529583,T1,2026-02-25
2026-02-25 05:00:00,6.9,1.0,0.3522490685563474,T1,2026-02-25
2026-02-25 06:00:00,7.7,1.9,0.48744190772506424,T1,2026-02-25
2026-02-25 07:00:00,6.9,2.4,0.3559872606675442,T1,2026-02-25
2026-02-25 08:00:00,4.9,2.7,0.10024636621238847,T1,2026-02-25
2026-02-25 09:00:00,1.0,2.9,0.009319506697268942,T1,2026-02-25
2026-02-25 10:00:00,1.2,2.9,0.006939364756235411,T1,2026-02-25
2026-02-25 11:00:00,3.1,2.9,0.014538268133465593,T1,2026-02-25
2026-02-25 12:00:00,5.7,1.4,0.154729555478465,T1,2026-02-25
2026-02-25 13:00:00,3.6,0.8,0.023249600552780636,T1,2026-02-25
2026-02-25 14:00:00,0.7,1.2,0.0037699205124193114,T1,2026-02-25
2026-02-25 15:00:00,1.9,1.2,0.006650093005601876,T1,2026-02-25
2026-02-25 16:00:00,6.0,0.5,0.19124872340828794,T1,2026-02-25
2026-02-25 17:00:00,7.4,0.0,0.41841034930456583,T1,2026-02-25
2026-02-25 18:00:00,13.4,0.6,0.9787275686811955,T1,2026-02-25
2026-02-25 19:00:00,14.7,-0.1,0.9342410802282105,T1,2026-02-25
2026-02-25 20:00:00,14.7,-0.1,0.9259169399652634,T1,2026-02-25
2026-02-25 21:00:00,15.7,0.2,0.8151549732841838,T1,2026-02-25
2026-02-25 22:00:00,14.5,0.7,0.8469949291059141,T1,2026-02-25
2026-02-25 23:00:00,15.6,0.7,0.8493450049865051,T1,2026-02-25
2026-02-26 00:00:00,15.6,0.7,0.9833654933874975,T1,2026-02-25
2026-02-26 01:00:00,16.2,0.4,0.9828337708884074,T1,2026-02-25
2026-02-26 02:00:00,13.1,0.4,0.9874482734426628,T1,2026-02-25
2026-02-26 03:00:00,13.2,1.6,0.987211706438058,T1,2026-02-25
2026-02-26 04:00:00,15.1,3.6,0.9967414034461671,T1,2026-02-25
2026-02-26 05:00:00,8.3,4.5,0.5878547984216232,T1,2026-02-25
2026-02-26 06:00:00,6.1,5.9,0.22832151568096343,T1,2026-02-25
2026-02-26 07:00:00,24.1,4.7,0.9901595639304973,T1,2026-02-25
2026-02-26 08:00:00,17.0,2.1,0.9819232477875673,T1,2026-02-25
2026-02-26 09:00:00,13.8,-0.3,0.9822070456511706,T1,2026-02-25
2026-02-26 10:00:00,12.7,-0.6,0.9811195437455701,T1,2026-02-25
2026-02-26 11:00:00,17.9,-0.1,0.9678995413423098,T1,2026-02-25
2026-02-26 12:00:00,20.3,-0.2,0.9525729933832807,T1,2026-02-25
2026-02-26 13:00:00,19.9,-0.6,0.9542770923411692,T1,2026-02-25
2026-02-26 14:00:00,16.1,-0.4,0.9544148332975275,T1,2026-02-25
2026-02-26 15:00:00,16.9,0.2,0.9561621122325774,T1,2026-02-25
2026-02-26 16:00:00,17.3,0.8,0.9563040691849671,T1,2026-02-25
2026-02-26 17:00:00,17.4,0.8,0.9563101005162811,T1,2026-02-25
2026-02-26 18:00:00,16.2,0.2,0.9551956276757262,T1,2026-02-25
2026-02-26 19:00:00,11.6,-0.2,0.9867526780237684,T1,2026-02-25
2026-02-26 20:00:00,11.1,-0.6,0.9714256344618655,T1,2026-02-25
2026-02-26 21:00:00,11.2,-0.8,0.9667219310771186,T1,2026-02-25
2026-02-26 22:00:00,9.8,-1.2,0.8181487088345628,T1,2026-02-25
2026-02-26 23:00:00,11.8,-0.5,0.9874062300433589,T1,2026-02-25
2026-02-27 00:00:00,13.3,-0.4,0.9939728631693227,T1,2026-02-25
2026-02-27 01:00:00,12.8,-0.1,0.9943746277462802,T1,2026-02-25
2026-02-27 02:00:00,10.2,0.1,0.8823666583272597,T1,2026-02-25
2026-02-27 03:00:00,8.2,0.4,0.5606552337909496,T1,2026-02-25
2026-02-27 04:00:00,7.7,1.1,0.4842768720134568,T1,2026-02-25
2026-02-27 05:00:00,7.6,1.6,0.4580492671960349,T1,2026-02-25
2026-02-27 06:00:00,9.4,2.3,0.756519246287978,T1,2026-02-25
2026-02-27 07:00:00,7.3,2.5,0.42624988939342234,T1,2026-02-25
2026-02-27 08:00:00,5.6,3.2,0.15879070369767023,T1,2026-02-25
2026-02-27 09:00:00,5.9,2.9,0.19938115650691204,T1,2026-02-25
2026-02-27 10:00:00,11.2,2.6,0.9672230310446959,T1,2026-02-25
2026-02-27 11:00:00,18.0,1.2,0.9697503200542337,T1,2026-02-25
2026-02-27 12:00:00,19.7,-0.6,0.9550745765458232,T1,2026-02-25
2026-02-27 13:00:00,17.1,-1.9,0.958720137020785,T1,2026-02-25
2026-02-27 14:00:00,17.4,-3.1,0.9602765953510128,T1,2026-02-25
2026-02-27 15:00:00,17.8,-3.9,0.9611116755929627,T1,2026-02-25
2026-02-27 16:00:00,16.8,-4.1,0.960517157900721,T1,2026-02-25
2026-02-27 17:00:00,15.3,-4.4,0.9691616209173953,T1,2026-02-25
2026-02-27 18:00:00,18.7,-4.5,0.9608612273330827,T1,2026-02-25
2026-02-27 19:00:00,14.7,-4.9,0.8574036796192748,T1,2026-02-25
2026-02-27 20:00:00,14.7,-5.0,0.848645969326302,T1,2026-02-25
2026-02-27 21:00:00,16.8,-5.6,0.7995700942360828,T1,2026-02-25
2026-02-27 22:00:00,15.9,-5.9,0.8158517107699927,T1,2026-02-25
2026-02-27 23:00:00,16.3,-6.0,0.8201006782973657,T1,2026-02-25
2026-02-25 00:00:00,6.0,-2.0,0.1801523541543755,T2,2026-02-25
2026-02-25 01:00:00,6.6,-1.8,0.2672006770083226,T2,2026-02-25
2026-02-25 02:00:00,5.9,-1.5,0.1684681026842425,T2,2026-02-25
2026-02-25 03:00:00,5.4,-0.8,0.11220001416184,T2,2026-02-25
2026-02-25 04:00:00,6.5,-0.1,0.25529550331959716,T2,2026-02-25
2026-02-25 05:00:00,6.9,1.0,0.32500715862243135,T2,2026-02-25
2026-02-25 06:00:00,7.7,1.9,0.444301529912073,T2,2026-02-25
2026-02-25 07:00:00,6.9,2.4,0.33116106617291563,T2,2026-02-25
2026-02-25 08:00:00,4.9,2.7,0.08936086050842806,T2,2026-02-25
2026-02-25 09:00:00,1.0,2.9,0.013672429131925679,T2,2026-02-25
2026-02-25 10:00:00,1.2,2.9,0.0082154365335248,T2,2026-02-25
2026-02-25 11:00:00,3.1,2.9,0.013206736279452291,T2,2026-02-25
2026-02-25 12:00:00,5.7,1.4,0.13563667436572122,T2,2026-02-25
2026-02-25 13:00:00,3.6,0.8,0.017990012433445113,T2,2026-02-25
2026-02-25 14:00:00,0.7,1.2,0.0035720175414304944,T2,2026-02-25
2026-02-25 15:00:00,1.9,1.2,0.0056838737574668174,T2,2026-02-25
2026-02-25 16:00:00,6.0,0.5,0.1733684203781185,T2,2026-02-25
2026-02-25 17:00:00,7.4,0.0,0.3921448367819621,T2,2026-02-25
2026-02-25 18:00:00,13.4,0.6,0.982926267206572,T2,2026-02-25
2026-02-25 19:00:00,14.7,-0.1,0.8965769926135192,T2,2026-02-25
2026-02-25 20:00:00,14.7,-0.1,0.7507173360928172,T2,2026-02-25
2026-02-25 21:00:00,15.7,0.2,0.4493013468012041,T2,2026-02-25
2026-02-25 22:00:00,14.5,0.7,0.6131412108127211,T2,2026-02-25
2026-02-25 23:00:00,15.6,0.7,0.47665459873412785,T2,2026-02-25
2026-02-26 00:00:00,15.6,0.7,0.9528664592903052,T2,2026-02-25
2026-02-26 01:00:00,16.2,0.4,0.9538093774049144,T2,2026-02-25
2026-02-26 02:00:00,13.1,0.4,0.979333739618478,T2,2026-02-25
2026-02-26 03:00:00,13.2,1.6,0.9794006892696734,T2,2026-02-25
2026-02-26 04:00:00,15.1,3.6,0.9783447116788454,T2,2026-02-25
2026-02-26 05:00:00,8.3,4.5,0.5628426414700649,T2,2026-02-25
2026-02-26 06:00:00,6.1,5.9,0.22140291760688383,T2,2026-02-25
2026-02-26 07:00:00,24.1,4.7,0.9748607529953911,T2,2026-02-25
2026-02-26 08:00:00,17.0,2.1,0.9535001507220848,T2,2026-02-25
2026-02-26 09:00:00,13.8,-0.3,0.9724981553854631,T2,2026-02-25
2026-02-26 10:00:00,12.7,-0.6,0.9628212566642043,T2,2026-02-25
2026-02-26 11:00:00,17.9,-0.1,0.8974931998757602,T2,2026-02-25
2026-02-26 12:00:00,20.3,-0.2,0.8553461655073908,T2,2026-02-25
2026-02-26 13:00:00,19.9,-0.6,0.8612175138351907,T2,2026-02-25
2026-02-26 14:00:00,16.1,-0.4,0.8558775925632904,T2,2026-02-25
2026-02-26 15:00:00,16.9,0.2,0.9047126548161639,T2,2026-02-25
2026-02-26 16:00:00,17.3,0.8,0.9080192677385749,T2,2026-02-25
2026-02-26 17:00:00,17.4,0.8,0.893345439317203,T2,2026-02-25
2026-02-26 18:00:00,16.2,0.2,0.8640686563519355,T2,2026-02-25
2026-02-26 19:00:00,11.6,-0.2,0.966487582879604,T2,2026-02-25
2026-02-26 20:00:00,11.1,-0.6,0.9675311018996584,T2,2026-02-25
2026-02-26 21:00:00,11.2,-0.8,0.9668670563771707,T2,2026-02-25
2026-02-26 22:00:00,9.8,-1.2,0.7831400162034488,T2,2026-02-25
2026-02-26 23:00:00,11.8,-0.5,0.9746107445154839,T2,2026-02-25
2026-02-27 00:00:00,13.3,-0.4,0.9822773361034215,T2,2026-02-25
2026-02-27 01:00:00,12.8,-0.1,0.9794361932303527,T2,2026-02-25
2026-02-27 02:00:00,10.2,0.1,0.8584039685561544,T2,2026-02-25
2026-02-27 03:00:00,8.2,0.4,0.5193002940361701,T2,2026-02-25
2026-02-27 04:00:00,7.7,1.1,0.44209995879946995,T2,2026-02-25
2026-02-27 05:00:00,7.6,1.6,0.42504887636292255,T2,2026-02-25
2026-02-27 06:00:00,9.4,2.3,0.7216029336668277,T2,2026-02-25
2026-02-27 07:00:00,7.3,2.5,0.3923313499043367,T2,2026-02-25
2026-02-27 08:00:00,5.6,3.2,0.1490508553033217,T2,2026-02-25
2026-02-27 09:00:00,5.9,2.9,0.17650173014497875,T2,2026-02-25
2026-02-27 10:00:00,11.2,2.6,0.9462005293222657,T2,2026-02-25
2026-02-27 11:00:00,18.0,1.2,0.955467702761388,T2,2026-02-25
2026-02-27 12:00:00,19.7,-0.6,0.8789096383906095,T2,2026-02-25
2026-02-27 13:00:00,17.1,-1.9,0.8749395683066954,T2,2026-02-25
2026-02-27 14:00:00,17.4,-3.1,0.7356442000796833,T2,2026-02-25
2026-02-27 15:00:00,17.8,-3.9,0.929453186681486,T2,2026-02-25
2026-02-27 16:00:00,16.8,-4.1,0.9004836004692571,T2,2026-02-25
2026-02-27 17:00:00,15.3,-4.4,0.8946425731724701,T2,2026-02-25
2026-02-27 18:00:00,18.7,-4.5,0.8986777211543016,T2,2026-02-25
2026-02-27 19:00:00,14.7,-4.9,0.9165789668519072,T2,2026-02-25
2026-02-27 20:00:00,14.7,-5.0,0.8272106008386699,T2,2026-02-25
2026-02-27 21:00:00,16.8,-5.6,0.6151843438042042,T2,2026-02-25
2026-02-27 22:00:00,15.9,-5.9,0.6324015616768004,T2,2026-02-25
2026-02-27 23:00:00,16.3,-6.0,0.6339970739969858,T2,2026-02-25
2026-02-26 00:00:00,15.6,0.7,0.9833654933874975,T1,2026-02-26
2026-02-26 01:00:00,16.2,0.4,0.9828337708884074,T1,2026-02-26
2026-02-26 02:00:00,13.1,0.4,0.9874482734426628,T1,2026-02-26
2026-02-26 03:00:00,13.2,1.6,0.987211706438058,T1,2026-02-26
2026-02-26 04:00:00,15.1,3.6,0.9967414034461671,T1,2026-02-26
2026-02-26 05:00:00,8.3,4.5,0.5878547984216232,T1,2026-02-26
2026-02-26 06:00:00,6.1,5.9,0.22832151568096343,T1,2026-02-26
2026-02-26 07:00:00,24.1,4.7,0.9901595639304973,T1,2026-02-26
2026-02-26 08:00:00,17.0,2.1,0.9819232477875673,T1,2026-02-26
2026-02-26 09:00:00,13.8,-0.3,0.9822070456511706,T1,2026-02-26
2026-02-26 10:00:00,12.7,-0.6,0.9811195437455701,T1,2026-02-26
2026-02-26 11:00:00,17.9,-0.1,0.9678995413423098,T1,2026-02-26
2026-02-26 12:00:00,20.3,-0.2,0.9525729933832807,T1,2026-02-26
2026-02-26 13:00:00,19.9,-0.6,0.9542770923411692,T1,2026-02-26
2026-02-26 14:00:00,16.1,-0.4,0.9544148332975275,T1,2026-02-26
2026-02-26 15:00:00,16.9,0.2,0.9561621122325774,T1,2026-02-26
2026-02-26 16:00:00,17.3,0.8,0.9563040691849671,T1,2026-02-26
2026-02-26 17:00:00,17.4,0.8,0.9563101005162811,T1,2026-02-26
2026-02-26 18:00:00,16.2,0.2,0.9551956276757262,T1,2026-02-26
2026-02-26 19:00:00,11.6,-0.2,0.9867526780237684,T1,2026-02-26
2026-02-26 20:00:00,11.1,-0.6,0.9714256344618655,T1,2026-02-26
2026-02-26 21:00:00,11.2,-0.8,0.9667219310771186,T1,2026-02-26
2026-02-26 22:00:00,9.8,-1.2,0.8181487088345628,T1,2026-02-26
2026-02-26 23:00:00,11.8,-0.5,0.9874062300433589,T1,2026-02-26
2026-02-27 00:00:00,13.3,-0.4,0.9939728631693227,T1,2026-02-26
2026-02-27 01:00:00,12.8,-0.1,0.9943746277462802,T1,2026-02-26
2026-02-27 02:00:00,10.2,0.1,0.8823666583272597,T1,2026-02-26
2026-02-27 03:00:00,8.2,0.4,0.5606552337909496,T1,2026-02-26
2026-02-27 04:00:00,7.7,1.1,0.4842768720134568,T1,2026-02-26
2026-02-27 05:00:00,7.6,1.6,0.4580492671960349,T1,2026-02-26
2026-02-27 06:00:00,9.4,2.3,0.756519246287978,T1,2026-02-26
2026-02-27 07:00:00,7.3,2.5,0.42624988939342234,T1,2026-02-26
2026-02-27 08:00:00,5.6,3.2,0.15879070369767023,T1,2026-02-26
2026-02-27 09:00:00,5.9,2.9,0.19938115650691204,T1,2026-02-26
2026-02-27 10:00:00,11.2,2.6,0.9672230310446959,T1,2026-02-26
2026-02-27 11:00:00,18.0,1.2,0.9697503200542337,T1,2026-02-26
2026-02-27 12:00:00,19.7,-0.6,0.9550745765458232,T1,2026-02-26
2026-02-27 13:00:00,17.1,-1.9,0.958720137020785,T1,2026-02-26
2026-02-27 14:00:00,17.4,-3.1,0.9602765953510128,T1,2026-02-26
2026-02-27 15:00:00,17.8,-3.9,0.9611116755929627,T1,2026-02-26
2026-02-27 16:00:00,16.8,-4.1,0.960517157900721,T1,2026-02-26
2026-02-27 17:00:00,15.3,-4.4,0.9691616209173953,T1,2026-02-26
2026-02-27 18:00:00,18.7,-4.5,0.9608612273330827,T1,2026-02-26
2026-02-27 19:00:00,14.7,-4.9,0.8574036796192748,T1,2026-02-26
2026-02-27 20:00:00,14.7,-5.0,0.848645969326302,T1,2026-02-26
2026-02-27 21:00:00,16.8,-5.6,0.7995700942360828,T1,2026-02-26
2026-02-27 22:00:00,15.9,-5.9,0.8158517107699927,T1,2026-02-26
2026-02-27 23:00:00,16.3,-6.0,0.8201006782973657,T1,2026-02-26
2026-02-28 00:00:00,16.1,-6.0,0.9708558689252823,T1,2026-02-26
2026-02-28 01:00:00,15.7,-6.2,0.9434919663508435,T1,2026-02-26
2026-02-28 02:00:00,16.1,-6.7,0.9290103743782742,T1,2026-02-26
2026-02-28 03:00:00,16.1,-6.8,0.9288182035081621,T1,2026-02-26
2026-02-28 04:00:00,15.6,-6.4,0.9414545321520812,T1,2026-02-26
2026-02-28 05:00:00,21.3,-6.6,0.9463391597410032,T1,2026-02-26
2026-02-28 06:00:00,19.5,-5.1,0.970696684999936,T1,2026-02-26
2026-02-28 07:00:00,20.6,-5.7,0.9675223993128078,T1,2026-02-26
2026-02-28 08:00:00,20.6,-6.5,0.9492345194209897,T1,2026-02-26
2026-02-28 09:00:00,19.1,-7.2,0.9626195226175576,T1,2026-02-26
2026-02-28 10:00:00,18.7,-7.2,0.9661205061258875,T1,2026-02-26
2026-02-28 11:00:00,19.4,-7.2,0.9640460502648112,T1,2026-02-26
2026-02-28 12:00:00,18.9,-7.6,0.9618719609817684,T1,2026-02-26
2026-02-28 13:00:00,15.3,-7.5,0.9717277236432974,T1,2026-02-26
2026-02-28 14:00:00,14.4,-7.7,0.9685156075377536,T1,2026-02-26
2026-02-28 15:00:00,10.8,-7.2,0.9202439185313441,T1,2026-02-26
2026-02-28 16:00:00,9.6,-7.1,0.7586760280651076,T1,2026-02-26
2026-02-28 17:00:00,11.0,-7.4,0.9476637082267048,T1,2026-02-26
2026-02-28 18:00:00,8.3,-7.2,0.5456787317628756,T1,2026-02-26
2026-02-28 19:00:00,7.9,-6.9,0.4726019844850561,T1,2026-02-26
2026-02-28 20:00:00,8.0,-7.0,0.4943979495504236,T1,2026-02-26
2026-02-28 21:00:00,7.4,-7.0,0.3881534439756316,T1,2026-02-26
2026-02-28 22:00:00,8.2,-6.5,0.5270718898057682,T1,2026-02-26
2026-02-28 23:00:00,7.2,-6.0,0.3492415929828026,T1,2026-02-26
2026-02-26 00:00:00,15.6,0.7,0.9528664592903052,T2,2026-02-26
2026-02-26 01:00:00,16.2,0.4,0.9538093774049144,T2,2026-02-26
2026-02-26 02:00:00,13.1,0.4,0.979333739618478,T2,2026-02-26
2026-02-26 03:00:00,13.2,1.6,0.9794006892696734,T2,2026-02-26
2026-02-26 04:00:00,15.1,3.6,0.9783447116788454,T2,2026-02-26
2026-02-26 05:00:00,8.3,4.5,0.5628426414700649,T2,2026-02-26
2026-02-26 06:00:00,6.1,5.9,0.22140291760688383,T2,2026-02-26
2026-02-26 07:00:00,24.1,4.7,0.9748607529953911,T2,2026-02-26
2026-02-26 08:00:00,17.0,2.1,0.9535001507220848,T2,2026-02-26
2026-02-26 09:00:00,13.8,-0.3,0.9724981553854631,T2,2026-02-26
2026-02-26 10:00:00,12.7,-0.6,0.9628212566642043,T2,2026-02-26
2026-02-26 11:00:00,17.9,-0.1,0.8974931998757602,T2,2026-02-26
2026-02-26 12:00:00,20.3,-0.2,0.8553461655073908,T2,2026-02-26
2026-02-26 13:00:00,19.9,-0.6,0.8612175138351907,T2,2026-02-26
2026-02-26 14:00:00,16.1,-0.4,0.8558775925632904,T2,2026-02-26
2026-02-26 15:00:00,16.9,0.2,0.9047126548161639,T2,2026-02-26
2026-02-26 16:00:00,17.3,0.8,0.9080192677385749,T2,2026-02-26
2026-02-26 17:00:00,17.4,0.8,0.893345439317203,T2,2026-02-26
2026-02-26 18:00:00,16.2,0.2,0.8640686563519355,T2,2026-02-26
2026-02-26 19:00:00,11.6,-0.2,0.966487582879604,T2,2026-02-26
2026-02-26 20:00:00,11.1,-0.6,0.9675311018996584,T2,2026-02-26
2026-02-26 21:00:00,11.2,-0.8,0.9668670563771707,T2,2026-02-26
2026-02-26 22:00:00,9.8,-1.2,0.7831400162034488,T2,2026-02-26
2026-02-26 23:00:00,11.8,-0.5,0.9746107445154839,T2,2026-02-26
2026-02-27 00:00:00,13.3,-0.4,0.9822773361034215,T2,2026-02-26
2026-02-27 01:00:00,12.8,-0.1,0.9794361932303527,T2,2026-02-26
2026-02-27 02:00:00,10.2,0.1,0.8584039685561544,T2,2026-02-26
2026-02-27 03:00:00,8.2,0.4,0.5193002940361701,T2,2026-02-26
2026-02-27 04:00:00,7.7,1.1,0.44209995879946995,T2,2026-02-26
2026-02-27 05:00:00,7.6,1.6,0.42504887636292255,T2,2026-02-26
2026-02-27 06:00:00,9.4,2.3,0.7216029336668277,T2,2026-02-26
2026-02-27 07:00:00,7.3,2.5,0.3923313499043367,T2,2026-02-26
2026-02-27 08:00:00,5.6,3.2,0.1490508553033217,T2,2026-02-26
2026-02-27 09:00:00,5.9,2.9,0.17650173014497875,T2,2026-02-26
2026-02-27 10:00:00,11.2,2.6,0.9462005293222657,T2,2026-02-26
2026-02-27 11:00:00,18.0,1.2,0.955467702761388,T2,2026-02-26
2026-02-27 12:00:00,19.7,-0.6,0.8789096383906095,T2,2026-02-26
2026-02-27 13:00:00,17.1,-1.9,0.8749395683066954,T2,2026-02-26
2026-02-27 14:00:00,17.4,-3.1,0.7356442000796833,T2,2026-02-26
2026-02-27 15:00:00,17.8,-3.9,0.929453186681486,T2,2026-02-26
2026-02-27 16:00:00,16.8,-4.1,0.9004836004692571,T2,2026-02-26
2026-02-27 17:00:00,15.3,-4.4,0.8946425731724701,T2,2026-02-26
2026-02-27 18:00:00,18.7,-4.5,0.8986777211543016,T2,2026-02-26
2026-02-27 19:00:00,14.7,-4.9,0.9165789668519072,T2,2026-02-26
2026-02-27 20:00:00,14.7,-5.0,0.8272106008386699,T2,2026-02-26
2026-02-27 21:00:00,16.8,-5.6,0.6151843438042042,T2,2026-02-26
2026-02-27 22:00:00,15.9,-5.9,0.6324015616768004,T2,2026-02-26
2026-02-27 23:00:00,16.3,-6.0,0.6339970739969858,T2,2026-02-26
2026-02-28 00:00:00,16.1,-6.0,0.935206841338955,T2,2026-02-26
2026-02-28 01:00:00,15.7,-6.2,0.9340766472020755,T2,2026-02-26
2026-02-28 02:00:00,16.1,-6.7,0.9120162675508259,T2,2026-02-26
2026-02-28 03:00:00,16.1,-6.8,0.9110248582839405,T2,2026-02-26
2026-02-28 04:00:00,15.6,-6.4,0.9315248523649352,T2,2026-02-26
2026-02-28 05:00:00,21.3,-6.6,0.9108849518161851,T2,2026-02-26
2026-02-28 06:00:00,19.5,-5.1,0.9387874191419019,T2,2026-02-26
2026-02-28 07:00:00,20.6,-5.7,0.9087179477126237,T2,2026-02-26
2026-02-28 08:00:00,20.6,-6.5,0.8839792285307498,T2,2026-02-26
2026-02-28 09:00:00,19.1,-7.2,0.842930151625314,T2,2026-02-26
2026-02-28 10:00:00,18.7,-7.2,0.8306510278872048,T2,2026-02-26
2026-02-28 11:00:00,19.4,-7.2,0.7638954888778382,T2,2026-02-26
2026-02-28 12:00:00,18.9,-7.6,0.8332409541792014,T2,2026-02-26
2026-02-28 13:00:00,15.3,-7.5,0.8354800569527203,T2,2026-02-26
2026-02-28 14:00:00,14.4,-7.7,0.8234250336796298,T2,2026-02-26
2026-02-28 15:00:00,10.8,-7.2,0.8028913717556938,T2,2026-02-26
2026-02-28 16:00:00,9.6,-7.1,0.5065078578432757,T2,2026-02-26
2026-02-28 17:00:00,11.0,-7.4,0.8525209714514187,T2,2026-02-26
2026-02-28 18:00:00,8.3,-7.2,0.4214748288334915,T2,2026-02-26
2026-02-28 19:00:00,7.9,-6.9,0.36347985986683573,T2,2026-02-26
2026-02-28 20:00:00,8.0,-7.0,0.3977715589755697,T2,2026-02-26
2026-02-28 21:00:00,7.4,-7.0,0.37835314812288734,T2,2026-02-26
2026-02-28 22:00:00,8.2,-6.5,0.40050112268640886,T2,2026-02-26
2026-02-28 23:00:00,7.2,-6.0,0.33049253239127696,T2,2026-02-26
2026-02-27 00:00:00,13.3,-0.4,0.9939728631693227,T1,2026-02-27
2026-02-27 01:00:00,12.8,-0.1,0.9943746277462802,T1,2026-02-27
2026-02-27 02:00:00,10.2,0.1,0.8823666583272597,T1,2026-02-27
2026-02-27 03:00:00,8.2,0.4,0.5606552337909496,T1,2026-02-27
2026-02-27 04:00:00,7.7,1.1,0.4842768720134568,T1,2026-02-27
2026-02-27 05:00:00,7.6,1.6,0.4580492671960349,T1,2026-02-27
2026-02-27 06:00:00,9.4,2.3,0.756519246287978,T1,2026-02-27
2026-02-27 07:00:00,7.3,2.5,0.42624988939342234,T1,2026-02-27
2026-02-27 08:00:00,5.6,3.2,0.15879070369767023,T1,2026-02-27
2026-02-27 09:00:00,5.9,2.9,0.19938115650691204,T1,2026-02-27
2026-02-27 10:00:00,11.2,2.6,0.9672230310446959,T1,2026-02-27
2026-02-27 11:00:00,18.0,1.2,0.9697503200542337,T1,2026-02-27
2026-02-27 12:00:00,19.7,-0.6,0.9550745765458232,T1,2026-02-27
2026-02-27 13:00:00,17.1,-1.9,0.958720137020785,T1,2026-02-27
2026-02-27 14:00:00,17.4,-3.1,0.9602765953510128,T1,2026-02-27
2026-02-27 15:00:00,17.8,-3.9,0.9611116755929627,T1,2026-02-27
2026-02-27 16:00:00,16.8,-4.1,0.960517157900721,T1,2026-02-27
2026-02-27 17:00:00,15.3,-4.4,0.9691616209173953,T1,2026-02-27
2026-02-27 18:00:00,18.7,-4.5,0.9608612273330827,T1,2026-02-27
2026-02-27 19:00:00,14.7,-4.9,0.8574036796192748,T1,2026-02-27
2026-02-27 20:00:00,14.7,-5.0,0.848645969326302,T1,2026-02-27
2026-02-27 21:00:00,16.8,-5.6,0.7995700942360828,T1,2026-02-27
2026-02-27 22:00:00,15.9,-5.9,0.8158517107699927,T1,2026-02-27
2026-02-27 23:00:00,16.3,-6.0,0.8201006782973657,T1,2026-02-27
2026-02-28 00:00:00,16.1,-6.0,0.9708558689252823,T1,2026-02-27
2026-02-28 01:00:00,15.7,-6.2,0.9434919663508435,T1,2026-02-27
2026-02-28 02:00:00,16.1,-6.7,0.9290103743782742,T1,2026-02-27
2026-02-28 03:00:00,16.1,-6.8,0.9288182035081621,T1,2026-02-27
2026-02-28 04:00:00,15.6,-6.4,0.9414545321520812,T1,2026-02-27
2026-02-28 05:00:00,21.3,-6.6,0.9463391597410032,T1,2026-02-27
2026-02-28 06:00:00,19.5,-5.1,0.970696684999936,T1,2026-02-27
2026-02-28 07:00:00,20.6,-5.7,0.9675223993128078,T1,2026-02-27
2026-02-28 08:00:00,20.6,-6.5,0.9492345194209897,T1,2026-02-27
2026-02-28 09:00:00,19.1,-7.2,0.9626195226175576,T1,2026-02-27
2026-02-28 10:00:00,18.7,-7.2,0.9661205061258875,T1,2026-02-27
2026-02-28 11:00:00,19.4,-7.2,0.9640460502648112,T1,2026-02-27
2026-02-28 12:00:00,18.9,-7.6,0.9618719609817684,T1,2026-02-27
2026-02-28 13:00:00,15.3,-7.5,0.9717277236432974,T1,2026-02-27
2026-02-28 14:00:00,14.4,-7.7,0.9685156075377536,T1,2026-02-27
2026-02-28 15:00:00,10.8,-7.2,0.9202439185313441,T1,2026-02-27
2026-02-28 16:00:00,9.6,-7.1,0.7586760280651076,T1,2026-02-27
2026-02-28 17:00:00,11.0,-7.4,0.9476637082267048,T1,2026-02-27
2026-02-28 18:00:00,8.3,-7.2,0.5456787317628756,T1,2026-02-27
2026-02-28 19:00:00,7.9,-6.9,0.4726019844850561,T1,2026-02-27
2026-02-28 20:00:00,8.0,-7.0,0.4943979495504236,T1,2026-02-27
2026-02-28 21:00:00,7.4,-7.0,0.3881534439756316,T1,2026-02-27
2026-02-28 22:00:00,8.2,-6.5,0.5270718898057682,T1,2026-02-27
2026-02-28 23:00:00,7.2,-6.0,0.3492415929828026,T1,2026-02-27
2026-03-01 00:00:00,4.7,-6.5,0.03347181105313263,T1,2026-02-27
2026-03-01 01:00:00,5.0,-6.7,0.04920002513972632,T1,2026-02-27
2026-03-01 02:00:00,4.9,-6.8,0.04803435332205136,T1,2026-02-27
2026-03-01 03:00:00,3.2,-6.3,-0.0035499202114539496,T1,2026-02-27
2026-03-01 04:00:00,4.8,-5.8,0.05145458597746444,T1,2026-02-27
2026-03-01 05:00:00,5.9,-5.2,0.1613159559148882,T1,2026-02-27
2026-03-01 06:00:00,4.7,-4.1,0.054941929058274386,T1,2026-02-27
2026-03-01 07:00:00,4.5,-3.4,0.05127603205458936,T1,2026-02-27
2026-03-01 08:00:00,5.8,-2.7,0.14608670954357564,T1,2026-02-27
2026-03-01 09:00:00,5.2,-2.4,0.10022377965589829,T1,2026-02-27
2026-03-01 10:00:00,4.7,-2.6,0.054295307178049146,T1,2026-02-27
2026-03-01 11:00:00,4.3,-3.7,0.037279358392936,T1,2026-02-27
2026-03-01 12:00:00,2.2,-5.3,0.001970715173736315,T1,2026-02-27
2026-03-01 13:00:00,3.5,-7.1,0.007905195534977483,T1,2026-02-27
2026-03-01 14:00:00,3.8,-7.5,0.009517782256162788,T1,2026-02-27
2026-03-01 15:00:00,6.7,-6.9,0.2550522844310056,T1,2026-02-27
2026-03-01 16:00:00,8.5,-5.5,0.5972894520932466,T1,2026-02-27
2026-03-01 17:00:00,10.8,-5.0,0.9359939567440367,T1,2026-02-27
2026-03-01 18:00:00,15.7,-4.2,0.9651629263286016,T1,2026-02-27
2026-03-01 19:00:00,15.8,-4.0,0.8664179035976773,T1,2026-02-27
2026-03-01 20:00:00,14.5,-4.2,0.8635255939535471,T1,2026-02-27
2026-03-01 21:00:00,14.8,-3.7,0.8249945911010742,T1,2026-02-27
2026-03-01 22:00:00,14.5,-3.6,0.8215526919311082,T1,2026-02-27
2026-03-01 23:00:00,13.8,-3.8,0.9842424506465711,T1,2026-02-27
2026-02-27 00:00:00,13.3,-0.4,0.9822773361034215,T2,2026-02-27
2026-02-27 01:00:00,12.8,-0.1,0.9794361932303527,T2,2026-02-27
2026-02-27 02:00:00,10.2,0.1,0.8584039685561544,T2,2026-02-27
2026-02-27 03:00:00,8.2,0.4,0.5193002940361701,T2,2026-02-27
2026-02-27 04:00:00,7.7,1.1,0.44209995879946995,T2,2026-02-27
2026-02-27 05:00:00,7.6,1.6,0.42504887636292255,T2,2026-02-27
2026-02-27 06:00:00,9.4,2.3,0.7216029336668277,T2,2026-02-27
2026-02-27 07:00:00,7.3,2.5,0.3923313499043367,T2,2026-02-27
2026-02-27 08:00:00,5.6,3.2,0.1490508553033217,T2,2026-02-27
2026-02-27 09:00:00,5.9,2.9,0.17650173014497875,T2,2026-02-27
2026-02-27 10:00:00,11.2,2.6,0.9462005293222657,T2,2026-02-27
2026-02-27 11:00:00,18.0,1.2,0.955467702761388,T2,2026-02-27
2026-02-27 12:00:00,19.7,-0.6,0.8789096383906095,T2,2026-02-27
2026-02-27 13:00:00,17.1,-1.9,0.8749395683066954,T2,2026-02-27
2026-02-27 14:00:00,17.4,-3.1,0.7356442000796833,T2,2026-02-27
2026-02-27 15:00:00,17.8,-3.9,0.929453186681486,T2,2026-02-27
2026-02-27 16:00:00,16.8,-4.1,0.9004836004692571,T2,2026-02-27
2026-02-27 17:00:00,15.3,-4.4,0.8946425731724701,T2,2026-02-27
2026-02-27 18:00:00,18.7,-4.5,0.8986777211543016,T2,2026-02-27
2026-02-27 19:00:00,14.7,-4.9,0.9165789668519072,T2,2026-02-27
2026-02-27 20:00:00,14.7,-5.0,0.8272106008386699,T2,2026-02-27
2026-02-27 21:00:00,16.8,-5.6,0.6151843438042042,T2,2026-02-27
2026-02-27 22:00:00,15.9,-5.9,0.6324015616768004,T2,2026-02-27
2026-02-27 23:00:00,16.3,-6.0,0.6339970739969858,T2,2026-02-27
2026-02-28 00:00:00,16.1,-6.0,0.935206841338955,T2,2026-02-27
2026-02-28 01:00:00,15.7,-6.2,0.9340766472020755,T2,2026-02-27
2026-02-28 02:00:00,16.1,-6.7,0.9120162675508259,T2,2026-02-27
2026-02-28 03:00:00,16.1,-6.8,0.9110248582839405,T2,2026-02-27
2026-02-28 04:00:00,15.6,-6.4,0.9315248523649352,T2,2026-02-27
2026-02-28 05:00:00,21.3,-6.6,0.9108849518161851,T2,2026-02-27
2026-02-28 06:00:00,19.5,-5.1,0.9387874191419019,T2,2026-02-27
2026-02-28 07:00:00,20.6,-5.7,0.9087179477126237,T2,2026-02-27
2026-02-28 08:00:00,20.6,-6.5,0.8839792285307498,T2,2026-02-27
2026-02-28 09:00:00,19.1,-7.2,0.842930151625314,T2,2026-02-27
2026-02-28 10:00:00,18.7,-7.2,0.8306510278872048,T2,2026-02-27
2026-02-28 11:00:00,19.4,-7.2,0.7638954888778382,T2,2026-02-27
2026-02-28 12:00:00,18.9,-7.6,0.8332409541792014,T2,2026-02-27
2026-02-28 13:00:00,15.3,-7.5,0.8354800569527203,T2,2026-02-27
2026-02-28 14:00:00,14.4,-7.7,0.8234250336796298,T2,2026-02-27
2026-02-28 15:00:00,10.8,-7.2,0.8028913717556938,T2,2026-02-27
2026-02-28 16:00:00,9.6,-7.1,0.5065078578432757,T2,2026-02-27
2026-02-28 17:00:00,11.0,-7.4,0.8525209714514187,T2,2026-02-27
2026-02-28 18:00:00,8.3,-7.2,0.4214748288334915,T2,2026-02-27
2026-02-28 19:00:00,7.9,-6.9,0.36347985986683573,T2,2026-02-27
2026-02-28 20:00:00,8.0,-7.0,0.3977715589755697,T2,2026-02-27
2026-02-28 21:00:00,7.4,-7.0,0.37835314812288734,T2,2026-02-27
2026-02-28 22:00:00,8.2,-6.5,0.40050112268640886,T2,2026-02-27
2026-02-28 23:00:00,7.2,-6.0,0.33049253239127696,T2,2026-02-27
2026-03-01 00:00:00,4.7,-6.5,0.0428376746108432,T2,2026-02-27
2026-03-01 01:00:00,5.0,-6.7,0.05995625498031604,T2,2026-02-27
2026-03-01 02:00:00,4.9,-6.8,0.05488106935624193,T2,2026-02-27
2026-03-01 03:00:00,3.2,-6.3,0.009686420197050238,T2,2026-02-27
2026-03-01 04:00:00,4.8,-5.8,0.05303312642414415,T2,2026-02-27
2026-03-01 05:00:00,5.9,-5.2,0.13834912952508913,T2,2026-02-27
2026-03-01 06:00:00,4.7,-4.1,0.04659929178292177,T2,2026-02-27
2026-03-01 07:00:00,4.5,-3.4,0.04153907823826741,T2,2026-02-27
2026-03-01 08:00:00,5.8,-2.7,0.13820452116519,T2,2026-02-27
2026-03-01 09:00:00,5.2,-2.4,0.07810469466273057,T2,2026-02-27
2026-03-01 10:00:00,4.7,-2.6,0.04313515607665519,T2,2026-02-27
2026-03-01 11:00:00,4.3,-3.7,0.02280080649437105,T2,2026-02-27
2026-03-01 12:00:00,2.2,-5.3,-0.005550072887955004,T2,2026-02-27
2026-03-01 13:00:00,3.5,-7.1,0.007929728806582215,T2,2026-02-27
2026-03-01 14:00:00,3.8,-7.5,0.01092054721958774,T2,2026-02-27
2026-03-01 15:00:00,6.7,-6.9,0.229653923374689,T2,2026-02-27
2026-03-01 16:00:00,8.5,-5.5,0.5681243552182693,T2,2026-02-27
2026-03-01 17:00:00,10.8,-5.0,0.9183578504702146,T2,2026-02-27
2026-03-01 18:00:00,15.7,-4.2,0.8694796071459718,T2,2026-02-27
2026-03-01 19:00:00,15.8,-4.0,0.8388734304196372,T2,2026-02-27
2026-03-01 20:00:00,14.5,-4.2,0.7974435976477565,T2,2026-02-27
2026-03-01 21:00:00,14.8,-3.7,0.6927137276588453,T2,2026-02-27
2026-03-01 22:00:00,14.5,-3.6,0.6982284719963502,T2,2026-02-27
2026-03-01 23:00:00,13.8,-3.8,0.9677547883282631,T2,2026-02-27
2026-02-28 00:00:00,16.1,-6.0,0.9708558689252823,T1,2026-02-28
2026-02-28 01:00:00,15.7,-6.2,0.9434919663508435,T1,2026-02-28
2026-02-28 02:00:00,16.1,-6.7,0.9290103743782742,T1,2026-02-28
2026-02-28 03:00:00,16.1,-6.8,0.9288182035081621,T1,2026-02-28
2026-02-28 04:00:00,15.6,-6.4,0.9414545321520812,T1,2026-02-28
2026-02-28 05:00:00,21.3,-6.6,0.9463391597410032,T1,2026-02-28
2026-02-28 06:00:00,19.5,-5.1,0.970696684999936,T1,2026-02-28
2026-02-28 07:00:00,20.6,-5.7,0.9675223993128078,T1,2026-02-28
2026-02-28 08:00:00,20.6,-6.5,0.9492345194209897,T1,2026-02-28
2026-02-28 09:00:00,19.1,-7.2,0.9626195226175576,T1,2026-02-28
2026-02-28 10:00:00,18.7,-7.2,0.9661205061258875,T1,2026-02-28
2026-02-28 11:00:00,19.4,-7.2,0.9640460502648112,T1,2026-02-28
2026-02-28 12:00:00,18.9,-7.6,0.9618719609817684,T1,2026-02-28
2026-02-28 13:00:00,15.3,-7.5,0.9717277236432974,T1,2026-02-28
2026-02-28 14:00:00,14.4,-7.7,0.9685156075377536,T1,2026-02-28
2026-02-28 15:00:00,10.8,-7.2,0.9202439185313441,T1,2026-02-28
2026-02-28 16:00:00,9.6,-7.1,0.7586760280651076,T1,2026-02-28
2026-02-28 17:00:00,11.0,-7.4,0.9476637082267048,T1,2026-02-28
2026-02-28 18:00:00,8.3,-7.2,0.5456787317628756,T1,2026-02-28
2026-02-28 19:00:00,7.9,-6.9,0.4726019844850561,T1,2026-02-28
2026-02-28 20:00:00,8.0,-7.0,0.4943979495504236,T1,2026-02-28
2026-02-28 21:00:00,7.4,-7.0,0.3881534439756316,T1,2026-02-28
2026-02-28 22:00:00,8.2,-6.5,0.5270718898057682,T1,2026-02-28
2026-02-28 23:00:00,7.2,-6.0,0.3492415929828026,T1,2026-02-28
2026-03-01 00:00:00,4.7,-6.5,0.03347181105313263,T1,2026-02-28
2026-03-01 01:00:00,5.0,-6.7,0.04920002513972632,T1,2026-02-28
2026-03-01 02:00:00,4.9,-6.8,0.04803435332205136,T1,2026-02-28
2026-03-01 03:00:00,3.2,-6.3,-0.0035499202114539496,T1,2026-02-28
2026-03-01 04:00:00,4.8,-5.8,0.05145458597746444,T1,2026-02-28
2026-03-01 05:00:00,5.9,-5.2,0.1613159559148882,T1,2026-02-28
2026-03-01 06:00:00,4.7,-4.1,0.054941929058274386,T1,2026-02-28
2026-03-01 07:00:00,4.5,-3.4,0.05127603205458936,T1,2026-02-28
2026-03-01 08:00:00,5.8,-2.7,0.14608670954357564,T1,2026-02-28
2026-03-01 09:00:00,5.2,-2.4,0.10022377965589829,T1,2026-02-28
2026-03-01 10:00:00,4.7,-2.6,0.054295307178049146,T1,2026-02-28
2026-03-01 11:00:00,4.3,-3.7,0.037279358392936,T1,2026-02-28
2026-03-01 12:00:00,2.2,-5.3,0.001970715173736315,T1,2026-02-28
2026-03-01 13:00:00,3.5,-7.1,0.007905195534977483,T1,2026-02-28
2026-03-01 14:00:00,3.8,-7.5,0.009517782256162788,T1,2026-02-28
2026-03-01 15:00:00,6.7,-6.9,0.2550522844310056,T1,2026-02-28
2026-03-01 16:00:00,8.5,-5.5,0.5972894520932466,T1,2026-02-28
2026-03-01 17:00:00,10.8,-5.0,0.9359939567440367,T1,2026-02-28
2026-03-01 18:00:00,15.7,-4.2,0.9651629263286016,T1,2026-02-28
2026-03-01 19:00:00,15.8,-4.0,0.8664179035976773,T1,2026-02-28
2026-03-01 20:00:00,14.5,-4.2,0.8635255939535471,T1,2026-02-28
2026-03-01 21:00:00,14.8,-3.7,0.8249945911010742,T1,2026-02-28
2026-03-01 22:00:00,14.5,-3.6,0.8215526919311082,T1,2026-02-28
2026-03-01 23:00:00,13.8,-3.8,0.9842424506465711,T1,2026-02-28
2026-03-02 00:00:00,13.6,-4.3,0.9955307903547735,T1,2026-02-28
2026-03-02 01:00:00,13.4,-4.4,0.9947645773217573,T1,2026-02-28
2026-03-02 02:00:00,11.1,-4.1,0.9531902988845129,T1,2026-02-28
2026-03-02 03:00:00,9.9,-2.4,0.8278486885302843,T1,2026-02-28
2026-03-02 04:00:00,9.7,-1.4,0.7962334272458983,T1,2026-02-28
2026-03-02 05:00:00,11.4,0.1,0.9731661291350684,T1,2026-02-28
2026-03-02 06:00:00,11.1,1.3,0.9616734433989119,T1,2026-02-28
2026-03-02 07:00:00,7.2,1.9,0.40311497412341435,T1,2026-02-28
2026-03-02 08:00:00,7.7,2.1,0.4859898707410155,T1,2026-02-28
2026-03-02 09:00:00,7.3,2.2,0.42768526316485533,T1,2026-02-28
2026-03-02 10:00:00,9.5,2.6,0.7674185838921147,T1,2026-02-28
2026-03-02 11:00:00,8.4,2.0,0.5954805711983975,T1,2026-02-28
2026-03-02 12:00:00,7.1,1.6,0.36437423285838605,T1,2026-02-28
2026-03-02 13:00:00,7.5,0.8,0.43529165460356634,T1,2026-02-28
2026-03-02 14:00:00,8.2,0.5,0.5500555318957623,T1,2026-02-28
2026-03-02 15:00:00,8.0,0.4,0.5233051303676968,T1,2026-02-28
2026-03-02 16:00:00,7.8,0.5,0.4943458376858558,T1,2026-02-28
2026-03-02 17:00:00,9.7,-0.5,0.7938147680674095,T1,2026-02-28
2026-03-02 18:00:00,10.2,0.3,0.8685155301210867,T1,2026-02-28
2026-03-02 19:00:00,7.6,0.5,0.4519784325269095,T1,2026-02-28
2026-03-02 20:00:00,8.0,0.0,0.5263248034308681,T1,2026-02-28
2026-03-02 21:00:00,6.9,-0.7,0.3391985894451515,T1,2026-02-28
2026-03-02 22:00:00,5.4,-0.8,0.12775936491691456,T1,2026-02-28
2026-03-02 23:00:00,5.3,-0.6,0.12361032592729798,T1,2026-02-28
2026-02-28 00:00:00,16.1,-6.0,0.935206841338955,T2,2026-02-28
2026-02-28 01:00:00,15.7,-6.2,0.9340766472020755,T2,2026-02-28
2026-02-28 02:00:00,16.1,-6.7,0.9120162675508259,T2,2026-02-28
2026-02-28 03:00:00,16.1,-6.8,0.9110248582839405,T2,2026-02-28
2026-02-28 04:00:00,15.6,-6.4,0.9315248523649352,T2,2026-02-28
2026-02-28 05:00:00,21.3,-6.6,0.9108849518161851,T2,2026-02-28
2026-02-28 06:00:00,19.5,-5.1,0.9387874191419019,T2,2026-02-28
2026-02-28 07:00:00,20.6,-5.7,0.9087179477126237,T2,2026-02-28
2026-02-28 08:00:00,20.6,-6.5,0.8839792285307498,T2,2026-02-28
2026-02-28 09:00:00,19.1,-7.2,0.842930151625314,T2,2026-02-28
2026-02-28 10:00:00,18.7,-7.2,0.8306510278872048,T2,2026-02-28
2026-02-28 11:00:00,19.4,-7.2,0.7638954888778382,T2,2026-02-28
2026-02-28 12:00:00,18.9,-7.6,0.8332409541792014,T2,2026-02-28
2026-02-28 13:00:00,15.3,-7.5,0.8354800569527203,T2,2026-02-28
2026-02-28 14:00:00,14.4,-7.7,0.8234250336796298,T2,2026-02-28
2026-02-28 15:00:00,10.8,-7.2,0.8028913717556938,T2,2026-02-28
2026-02-28 16:00:00,9.6,-7.1,0.5065078578432757,T2,2026-02-28
2026-02-28 17:00:00,11.0,-7.4,0.8525209714514187,T2,2026-02-28
2026-02-28 18:00:00,8.3,-7.2,0.4214748288334915,T2,2026-02-28
2026-02-28 19:00:00,7.9,-6.9,0.36347985986683573,T2,2026-02-28
2026-02-28 20:00:00,8.0,-7.0,0.3977715589755697,T2,2026-02-28
2026-02-28 21:00:00,7.4,-7.0,0.37835314812288734,T2,2026-02-28
2026-02-28 22:00:00,8.2,-6.5,0.40050112268640886,T2,2026-02-28
2026-02-28 23:00:00,7.2,-6.0,0.33049253239127696,T2,2026-02-28
2026-03-01 00:00:00,4.7,-6.5,0.0428376746108432,T2,2026-02-28
2026-03-01 01:00:00,5.0,-6.7,0.05995625498031604,T2,2026-02-28
2026-03-01 02:00:00,4.9,-6.8,0.05488106935624193,T2,2026-02-28
2026-03-01 03:00:00,3.2,-6.3,0.009686420197050238,T2,2026-02-28
2026-03-01 04:00:00,4.8,-5.8,0.05303312642414415,T2,2026-02-28
2026-03-01 05:00:00,5.9,-5.2,0.13834912952508913,T2,2026-02-28
2026-03-01 06:00:00,4.7,-4.1,0.04659929178292177,T2,2026-02-28
2026-03-01 07:00:00,4.5,-3.4,0.04153907823826741,T2,2026-02-28
2026-03-01 08:00:00,5.8,-2.7,0.13820452116519,T2,2026-02-28
2026-03-01 09:00:00,5.2,-2.4,0.07810469466273057,T2,2026-02-28
2026-03-01 10:00:00,4.7,-2.6,0.04313515607665519,T2,2026-02-28
2026-03-01 11:00:00,4.3,-3.7,0.02280080649437105,T2,2026-02-28
2026-03-01 12:00:00,2.2,-5.3,-0.005550072887955004,T2,2026-02-28
2026-03-01 13:00:00,3.5,-7.1,0.007929728806582215,T2,2026-02-28
2026-03-01 14:00:00,3.8,-7.5,0.01092054721958774,T2,2026-02-28
2026-03-01 15:00:00,6.7,-6.9,0.229653923374689,T2,2026-02-28
2026-03-01 16:00:00,8.5,-5.5,0.5681243552182693,T2,2026-02-28
2026-03-01 17:00:00,10.8,-5.0,0.9183578504702146,T2,2026-02-28
2026-03-01 18:00:00,15.7,-4.2,0.8694796071459718,T2,2026-02-28
2026-03-01 19:00:00,15.8,-4.0,0.8388734304196372,T2,2026-02-28
2026-03-01 20:00:00,14.5,-4.2,0.7974435976477565,T2,2026-02-28
2026-03-01 21:00:00,14.8,-3.7,0.6927137276588453,T2,2026-02-28
2026-03-01 22:00:00,14.5,-3.6,0.6982284719963502,T2,2026-02-28
2026-03-01 23:00:00,13.8,-3.8,0.9677547883282631,T2,2026-02-28
2026-03-02 00:00:00,13.6,-4.3,0.986463452437278,T2,2026-02-28
2026-03-02 01:00:00,13.4,-4.4,0.986792669456756,T2,2026-02-28
2026-03-02 02:00:00,11.1,-4.1,0.9529052487319846,T2,2026-02-28
2026-03-02 03:00:00,9.9,-2.4,0.8248681856957543,T2,2026-02-28
2026-03-02 04:00:00,9.7,-1.4,0.7760452056975231,T2,2026-02-28
2026-03-02 05:00:00,11.4,0.1,0.9511556453991672,T2,2026-02-28
2026-03-02 06:00:00,11.1,1.3,0.9471466377858818,T2,2026-02-28
2026-03-02 07:00:00,7.2,1.9,0.35683261466354965,T2,2026-02-28
2026-03-02 08:00:00,7.7,2.1,0.4407104493257453,T2,2026-02-28
2026-03-02 09:00:00,7.3,2.2,0.38210173964122246,T2,2026-02-28
2026-03-02 10:00:00,9.5,2.6,0.7420999056120349,T2,2026-02-28
2026-03-02 11:00:00,8.4,2.0,0.5604922739667264,T2,2026-02-28
2026-03-02 12:00:00,7.1,1.6,0.33405765365011414,T2,2026-02-28
2026-03-02 13:00:00,7.5,0.8,0.39621196748894794,T2,2026-02-28
2026-03-02 14:00:00,8.2,0.5,0.5079450673229193,T2,2026-02-28
2026-03-02 15:00:00,8.0,0.4,0.4916083369006395,T2,2026-02-28
2026-03-02 16:00:00,7.8,0.5,0.44614221772192897,T2,2026-02-28
2026-03-02 17:00:00,9.7,-0.5,0.7745272912412049,T2,2026-02-28
2026-03-02 18:00:00,10.2,0.3,0.8600717669721869,T2,2026-02-28
2026-03-02 19:00:00,7.6,0.5,0.4225764153861544,T2,2026-02-28
2026-03-02 20:00:00,8.0,0.0,0.507445829562689,T2,2026-02-28
2026-03-02 21:00:00,6.9,-0.7,0.3220266096050952,T2,2026-02-28
2026-03-02 22:00:00,5.4,-0.8,0.10616553399235062,T2,2026-02-28
2026-03-02 23:00:00,5.3,-0.6,0.10290379467376631,T2,2026-02-28
